#anonymous_set_id	scryfall_set_id
1993A	288bd996-960e-448b-a187-9504c1930c2c
1993B	5307bd88-637c-4a5c-9801-a0d887715302
1993C	840aaaed-a90e-4db0-8dce-f15e92df6d64
1993D	856f63eb-e056-43e5-8a56-7a58e1608940
1994A	819f9678-87dd-4aba-a47b-2d553bfea21f
1994B	78c50b4b-b220-455b-a2d5-cee458fa56f3
1994C	c77cb8ee-8c7c-4177-af59-53d591150bef
1994D	a21c6836-c435-459a-81e3-22d2da174549
1994E	cf7390b1-341a-4ae8-a325-da0f5f322f13
1994F	b32cc4a1-1e06-4bec-bab6-89b2691b57a4
1995A	b0e08eea-5c01-4406-a6e2-dcd09c5e5b67
1995B	80b77354-aa37-420c-a9a2-8a0c66989f23
1995C	3442b58d-6354-4c71-8608-6abe469ab54b
1995D	5ac1f606-e682-46e9-ad0f-122a3783581b
1996A	64987b06-4a5c-443d-b560-ff5691744582
1996B	5f06acf3-8123-4a78-b2e7-089b0b775a4a
1996C	fe04d7bf-1965-45e8-8de1-4bfc5b636d5f
1997A	2c32f1a9-7921-4826-bea0-80bbac70532c
1997B	9ca75b06-d9c5-4245-9bba-f2751f8d50a5
1997C	478c47df-5058-4ce6-830e-7e80732b2ca9
1997D	3c098543-7919-46d5-b14d-aa0444fd6573
1997E	38210efe-e2d7-47ff-9817-4b5631e4bb8a
1997F	700997ac-add2-4ce2-992e-5efa0fdfc0e9
1997G	1645fb19-71a7-4634-99b8-bf703e861b6b
1997H	10df3a67-178e-4363-8668-34f0e6edf2a7
1998A	804c01dd-4714-440a-950e-2f2130d781f3
1998B	726bc009-a94a-4fd2-acb2-58d8c70b8f1c
1998C	5c83396a-d386-4367-926b-571a75b086a3
1998D	a4bfc8e0-22bb-463b-8f7d-5dc926438dca
1998E	1401f7af-2e71-476d-9813-991084ed0bb9
1998F	ac67f18a-4f0e-407e-bab1-a9fe4f659565
1998G	3404fc78-6678-4cf4-bd39-4c0be3bb7baf
1998H	fa0c6488-475f-4e88-8149-e131619bd215
1998I	c330df40-51db-4caf-bde6-48df6c181001
1999A	533dd7ca-2128-4d21-911a-a12f9b7b369e
1999B	78ced61b-4b8a-4b33-b6b2-f5bd66f1a75a
1999C	27b4f670-a760-4783-9f5a-4986c3a50e86
1999D	2676ff2e-9d86-4b5b-b935-e84e41b0755e
1999E	1cec5029-d9b9-4cbb-8a50-9c3a0f95d677
1999F	44f17b37-dcf8-4239-baab-1efc00cd3480
1999G	7e345c51-7a88-4c7a-8184-4e1ba493b40d
1999H	98161b77-01f1-492d-80f2-7fb44f3dd260
1999I	385e11a4-492b-4d07-b4a6-a1409ef829b8
2000A	b302372a-fff8-43bf-95cf-e3d1d2bca9c9
2000B	fa5d1fdb-f781-473d-b14d-50396d40d43f
2000C	34e39301-d557-47d1-bcc1-1ab44c02bc04
2000D	c233bd36-57c0-4aa2-ae6c-7aeabfb4e3ce
2000E	907dbba9-bb5e-4d07-b681-ab8641cb1ada
2000F	b9ae5e02-7726-47ca-b5e4-5ec402b41cd1
2001A	7110534f-7944-45f8-9b93-19240253201b
2001B	82dc193b-bd5f-4883-a93f-a4155b467ee0
2001C	3267d03d-12cd-41ae-9d4d-80af0493f138
2001D	e4e00913-d08d-4899-86ea-5cf631e09ce0
2001E	e8099914-89d5-4b89-8930-9b68d0c31916
2001F	52dc2f6b-0895-483d-8a15-3c6052612a79
2001G	b0d90d2d-494a-4224-bfa0-36ce5ee281b1
2002A	f64d8b9e-bff0-4247-8113-7fd799c997c2
2002B	e0b3fda1-a6ca-4996-849b-08b463d39484
2002C	a1aed70a-561a-4766-97ce-ad56bef407c0
2002D	cd82de1a-36fd-4618-bfe8-b45532a582d9
2002E	b8385212-69cb-4b73-a013-d6d4e9efa261
2002F	914a6c6d-cb3b-45e8-a2db-9978a2339faf
2003A	338dca3f-bcaf-43f8-a5a8-0aeaa241dec5
2003B	bf8bc347-ae11-43d4-98da-3625566668dd
2003C	f8778e61-ae6b-43ee-a611-f042439fa737
2003D	33d36849-7710-4766-90c6-728c3f625003
2003E	c2d60a18-1a81-4784-8e0c-e1de2f43c5cf
2003F	48e783b7-4219-4348-aacb-86ea5c491af2
2003G	5133c3a1-1412-4ce6-a1f0-73b695966ded
2003H	387eb35e-18ae-4162-9332-2c2d3a1d16c1
2003I	1d4f90ba-8d4a-4ee5-bc2f-e2d6bffe4955
2003J	638940fb-6be9-4be3-b83f-68d3902fbbe5
2004A	2afca034-842a-4488-af35-c79df13eb21d
2004B	b586f845-b8dd-455f-ae21-817d0c09ec61
2004C	e29cb2dd-1345-4032-abfe-e52e8c8ce074
2004D	ff5503b1-ac4c-4164-b7e4-6bca31640493
2004E	e4bc1b87-5476-463c-8640-4c414ecf1763
2004F	57b23d04-034d-4d04-ba0e-524b6ba03eb7
2004G	6183d21f-a0af-4118-ba58-aca1d8719c01
2004H	4c8bc76a-05a5-43db-aaf0-34deb347b871
2005A	16b62eb1-0cab-47c9-a0c2-be6e781ece03
2005B	34e1a029-1103-4e95-aafb-02949a6780b4
2005C	d4b88587-a1f5-4b47-9e24-78ec9e57bd0e
2005D	31daa10a-9490-42aa-a630-1a9c2d9ae492
2005E	4db16ad3-2b95-442f-bb6b-e9aa7fe7f769
2005F	1132e6a3-d93a-4ed1-8724-ad5e8e5a1d41
2005G	bc3c3b61-352b-4dc4-8383-415b9ad1845b
2005H	15fccbe8-2825-41ca-9d0a-67aebdf91c4a
2006A	db0343a8-d158-41dc-bef4-38477d42a579
2006B	a77ddc05-da91-4dce-b564-bfb13766d23b
2006C	594b4d09-8ce1-494d-bdb2-842c124bd087
2006D	7dba077a-f97b-4308-b39f-9a1132550f27
2006E	fdebeda1-b95f-4343-8a94-d125821e6b5c
2006F	77cab0a2-267d-47b0-b5ef-2ccdc692f198
2006G	1f4f105f-73e4-4f03-849e-82a204807847
2006H	666d27e3-224d-4782-8a00-663c9c352837
2006I	c1d109bc-ffd8-428f-8d7d-3f8d7e648046
2006J	e82b640d-bacf-41a5-8cf9-85e1ffeee71e
2006K	935e91e9-61c2-4b35-a85a-c08fef3b420b
2006L	5ba8edcc-a729-4023-8a68-0280ad19337e
2007A	f4e4582f-0ae8-42d7-acb7-49c29958a25e
2007B	5a1b571c-73e9-4c14-b9d4-a62507d85789
2007C	9d290d54-2aec-4d5e-8ffc-c9714f4437d4
2007D	bf951ddb-4445-4923-87cb-3fe4ac3c6b9a
2007E	091fc340-30ea-4054-a013-44bc345b9c9e
2007F	30ec97cb-dca9-4bf4-a98b-310f9d8ceaff
2008A	9bd20131-fe8c-4a5d-9841-7347024ca54a
2008B	c41550df-7b41-41a3-85ab-8612eb2f168f
2008C	785c5919-8fbc-4ab9-a59f-51ee189b84d2
2008D	c18c0ba1-2081-4808-9b2e-549bc3a666f3
2008E	67920ddd-5260-42c0-831e-acbd7e135dd3
2008F	86b4dfef-f2d1-49d6-825d-7df6bda44357
2008G	c1cec8aa-5906-41d9-ae01-cbdde2e776fb
2008H	d667aaec-09b7-4406-b6fa-60795132dc11
2008I	824eec08-e609-41db-8de4-4e58d8aeb37d
2009A	a9fbcd3c-290f-4fa1-b227-dbab037c0c91
2009B	0ce7fd53-7c14-4d16-a4c3-5c47ad8a8e5b
2009C	76b2db58-904c-4e49-8580-9f62f7b3cca4
2009D	352a7433-5b06-4381-99e9-fc3b6282dd2c
2009E	db486ec5-141d-4781-9ee5-5456926934c1
2009F	37d3c9b9-0583-425e-8c14-10d4d4a28a57
2009G	0dba38a9-6b9d-4768-9831-4e03e8970a0b
2009H	7137ffeb-eb1d-466c-a0d3-3157f52b1b10
2009I	7a8b75a9-7c92-4c3f-976a-322e1eb3b6b6
2009J	b643670d-7a22-4869-b49c-89cdf9c9b627
2009K	eb16a2bd-a218-4e4e-8339-4aa1afc0c8d2
2010A	d871e33b-7086-4549-89d6-fedd4422161f
2010B	8d3a0693-6b2a-4955-aeda-4888b2665dd0
2010C	7fe6f402-6e57-476c-8f7b-500fd08e3099
2010D	2f248ce6-c2a5-4c6f-a2be-0c593fbe173c
2010E	3af1f1ab-7b96-4535-912c-3a225b1783bc
2010F	eadb8a82-ec56-4623-b50e-42e7e60cb535
2010G	8bc5ec64-18d5-4c81-96a1-8f619d81a019
2010H	238beedf-1d4d-475f-a980-527ba2f55dc6
2010I	485d2468-18c8-42a4-9482-ca1c51e0470e
2010J	3e3ea3e8-3d63-481f-b3ec-03c4f50b602e
2010K	2a5a88d5-e2ac-4252-bc4e-62654b1f9a46
2010L	761e8299-b38f-49b6-b6c4-f0315576f631
2010M	8f403072-9b22-4e69-8d59-22dc4c97fd8d
2010N	1ea34c50-24cc-4e12-bdf5-12ef7d8a522f
2011A	757ed42f-384b-450d-ab70-217cadca2847
2011B	8a59d98a-4e13-4943-b06c-b35868e954ba
2011C	f46c57e3-9301-4006-a6ca-06f3f65961fb
2011D	659f3361-e6e9-4891-925f-1d6795bab6ab
2011E	e8e356d8-6d01-4dab-aa07-d0999dc9359f
2011F	84ff1a64-4e69-4ed2-8c08-26206e3b97a0
2011G	488be4f7-19cb-42d5-bba3-189c221e535d
2011H	5cdd2643-229c-4441-a62a-c34e4b531e1c
2011I	b83c0908-ae67-47eb-9099-7a1791ada84a
2011J	94d2e8a2-5ae8-4b7e-a7db-6770d5cfa6fd
2011K	d1026945-2969-42b9-be53-f941405a58cb
2012A	6df07fcb-8b2a-43a6-82bc-97e92312a921
2012B	380cde80-8b8d-47c7-847f-aa4eeb388b43
2012C	f784e27e-4af8-4b11-8d45-826388d63604
2012D	8052750a-aaf2-46fc-b46d-633f14124017
2012E	b933d4a1-3d0a-45fb-a73c-a9ae2ba928b0
2012F	e5c5553c-307e-4bee-ba0b-6e96e0f2c78f
2012G	039810a9-92d7-4f2d-b2d0-ca661ac586c0
2012H	7079031b-c5b0-4353-87af-a63a0f204f47
2012I	9fb2f83e-7015-4aa9-808f-310ccf0fdb9c
2012J	ef3f6784-a6e8-41ff-8bed-72e0c7121298
2012K	9403aa68-56ab-48ce-86c1-10a53c54a172
2012L	f9b0c6f4-8a4f-4f36-ad3c-e1e16fb8535d
2012M	2dfea68b-b0c4-4f63-ba6c-36c9a6e3030f
2012N	4e3ab176-9a9c-41cf-8b74-8c7d5e6731f7
2012O	80b2374d-c5f1-403e-9772-f6c806fd275e
2013A	4f0f5416-2f39-4339-8b9a-5454d94a4ca6
2013B	17abd72e-22ed-4b47-87ca-929a378d0439
2013C	2a51bc89-cf7c-4c31-af17-f46bd45fef40
2013D	035a05f7-e020-4f50-a141-ed16ba704bd2
2013E	d29698eb-32e4-448f-977f-aa9b31c408b5
2013F	c8bd8520-cd98-45cd-b533-8d40c2087426
2013G	bddcd9c6-a02d-4f17-b903-3630b580d33b
2013H	19132aaf-ed11-4985-9cac-a8dc58827701
2013I	e03ee1c0-ecd2-4fcc-ac3c-e8fdb103a847
2013J	7dfc5406-c4cf-479d-b005-11e578752dc9
2013K	ae24da1d-4b3e-4eff-8860-0d69b2754175
2013L	d1b5d85e-f18a-4e47-8305-de8b6661cfbe
2013M	69093d6f-e25a-41a4-8cf5-688d7f11c0fb
2013N	7d4d5ad5-9936-419c-a278-529d560589e7
2013O	c62e6d4f-af8c-4f27-9bc8-361291890146
2014A	ed1404ce-ac05-4d93-8283-163a50bfc9b5
2014B	6733ed2b-f650-4db7-8d7d-d1fba3f60928
2014C	50a80fe4-a757-408f-ad23-52c5cc5f45cc
2014D	6320d123-ac8b-4119-8bb6-93fb8f92ed5c
2014E	7dd30d1d-f481-4f68-9383-6ddb51bbe21b
2014F	e401cbac-165b-433b-a42b-3f00ffc46652
2014G	204d2dca-1887-4721-9558-164aa7bbeb4f
2014H	6fae3972-2ed8-4203-95b7-7f1229a91468
2014I	a8487d2b-228c-4f6b-aebb-00cc06085ddb
2014J	7d4ebb59-a50b-45b8-8fff-ab70767819a5
2014K	09d844de-a5ec-401c-9b0f-f99be569b8f9
2014L	771d02d5-d5b3-4ede-9913-efd08fc7e828
2014M	6cf964e5-17d7-41d1-aaec-7c7a27b03160
2014N	b263197c-a306-4795-937f-32fabc532d9e
2014O	6ce49890-3b37-42a5-8932-dbeef1d7b62c
2014P	163844e5-077e-4e2c-a0f0-fa33fbc7bb3b
2014Q	6c7a715c-ded9-449e-89b0-c665773e9c3c
2014R	0980a6e2-eb78-4ad2-8396-cef08fce365e
2015A	b34e3169-310e-4161-82c8-868b38b9cc91
2015B	fc7ea025-628e-45f4-9e0b-73681b1f68b7
2015C	7bb5cb2b-081a-4c8c-b7e1-494046e6baa1
2015D	7e72625f-f320-4552-a719-d11e2f1853bd
2015E	a7525618-105f-4f97-98c9-0ed1522d4a8d
2015F	e6177218-1e8b-488e-8a4c-ef3af130b600
2015G	0eeb9a9a-20ac-404d-b55f-aeb7a43a7f62
2015H	0dbc7609-b12c-471a-bfd3-c57bc670c445
2015I	91719374-7ac5-4afa-ada8-5da964dcf1d4
2015J	ea6c99f9-5489-4504-b30c-c819fa3b1fd3
2015K	75af5bab-521e-47f4-b3b6-655ebddf5cb2
2016A	820ba719-0234-4ca7-9d72-e0f8d56460bb
2016B	cd51d245-8f95-45b0-ab5f-e2b3a3eb5dfe
2016C	9f6e1af2-3913-47d6-aa6a-81f34ec7224c
2016D	e1068688-13ff-4a3f-8c66-439162505e7a
2016E	5e914d7e-c1e9-446c-a33d-d093c02b2743
2016F	5f0e4093-334f-4439-bbb5-a0affafd0ffc
2016G	ad1b8847-1905-4080-9e26-80691ea7c1ef
2016H	d667e468-be8f-411f-a030-473d148deb74
2016I	910ea2a2-9f6a-4665-98f6-165ea7928952
2016J	3e0d713a-b5cb-4287-81b9-a57d4dcaf415
2017A	690dae5c-2de4-4071-b77c-19883791f987
2017B	6c69afe8-bb1e-466f-a46a-4a3e92351b25
2017C	a4a0db50-8826-4e73-833c-3fd934375f96
2017D	02d1c536-68bc-4208-9b65-7741ef1f9da8
2017E	c26402e7-838e-48db-a4b2-7abfc305998a
2017F	aa50a66a-0eb3-4bb5-acad-bc6c96f98663
2017G	65ff168b-bb94-47a5-a8f9-4ec6c213e768
2017H	5caec427-0c78-4c37-b4ec-30f7e0ba9abf
2017I	2790698c-b015-4864-9eea-8b6964478432
2017J	e9dbe497-c76a-4037-82c1-7ef338d6c54c
2017K	e2876a7e-3444-49cc-a299-aae5094f3566
2017L	fe0dad85-54bc-4151-9200-d68da84dd0f2
2017M	d9724b93-8557-4e7b-b056-919d2f8c385b
2017N	83491685-880d-41dd-a4af-47d2b3b17c10
2018A	e7140c68-d478-4ca3-9185-9a64d5e104df
2018B	2f7e40fc-772d-4a85-bfdd-01653c41d0fa
2018C	be1daba3-51c9-4e7e-9212-36e68addc26c
2018D	95f97fbc-58ef-4645-982e-43e2db6f1124
2018E	19c285e9-68e0-45e1-b82b-ac6051eb43be
2018F	ee765d6b-a5ee-4bcd-bbd0-9bc55697ed3c
2018G	2f5f2509-56db-414d-9a7e-6e312ec3760c
2018H	b6072801-1d75-48e6-bdc1-f9c19ed48ecc
2018I	8ff0b4b8-2b1b-4283-a35c-6edd5bbcf373
2018J	9e5d6aa8-3fc1-4175-a851-894e42c0e25a
2018K	6213f371-2428-42aa-a0a9-52c4947039ed
2018L	06ce6bc2-85cd-4cca-85b1-8c620d3e0902
2018M	5e72b6d5-d7ff-436d-a0c6-35d40e836ed9
2018N	597c6d4a-8212-4903-a6af-12c4ae9e13f0
2018O	08aabe3a-7c0e-4c48-b2c2-57dcb5a266a4
2018P	be071312-2af9-4c4a-bcba-b726ee1eabb1
2018Q	cdbedc27-4f24-4d89-ace1-8da1b36ac78e
2019A	503230ec-81e3-4f92-b847-ff435b1652e0
2019B	97a7fd84-8d89-45a3-b48b-c951f6a3f9f1
2019C	9981777b-983e-4f17-b9b1-fe32cf243e23
2019D	ee044f0b-e101-4ead-8d0e-aa510aad4277
2019E	d7efccd6-55bc-4fb8-9138-e72577510a99
2019F	4a787360-9767-4f44-80b1-2405dc5e39c7
2019G	38346fd1-60eb-4f27-850d-81c9967e8c3e
2019H	0fa3ccbb-d86d-4a2e-a55e-c4979c4feeb2
2019I	a90a7b2f-9dd8-4fc7-9f7d-8ea2797ec782
2019J	d264b61b-bfb3-4388-be42-e34a1eaa00c2
2019K	8ffdef42-91f1-429f-bcd0-15778c57845c
2019L	a72727dd-dbab-4158-a772-a08825735169
2019M	4d92a8a7-ccb0-437d-abdc-9d70fc5ed672
2020A	66d787e4-101d-4f72-a4ed-7c38df9b99fe
2020B	5f23a78d-cda1-462a-8be3-a62b40c34913
2020C	8fe3f935-7c8d-4a4e-a051-c0b0f251d262
2020D	fccfdf97-f5f2-43b4-9be9-9255414e6633
2020E	f60ec786-1f8d-42f7-9abc-0d880fe243f6
2020F	19feda43-15ab-427e-a0e4-148a4bf2b03a
2020G	bc94aba1-7376-4e02-a12d-3a2efb66ab0f
2020H	0f6ccf25-a627-4263-86df-5757137f1696
2020I	dea849fc-18c3-4327-8c1e-72583d6f08e8
2020J	fb2d12a7-a385-4ec0-b7fd-e2ff1796d7a8
2020K	76c61d42-610a-4b5a-880a-7a1fc1222f81
2020L	3bcb5e53-5ebb-4ff4-b76a-fc378bca0157
2020M	25c6bd9b-4e10-40a4-b9b5-0f4d9b5852a1
2020N	f4e01fa7-b254-42dd-849f-69b58027a8c4
2020O	39de6fbf-1f11-48d0-8f04-f0407f6a0732
2021A	640891dc-bc2d-4f9d-aee9-6e057f1fa60c
2021B	d532ef25-e52b-4276-941a-3a1c095544b0
2021C	43057fad-b1c1-437f-bc48-0045bce6d8c9
2021D	27bf6dbd-a9e1-4904-afa7-d28fc7745c4f
2021E	bc98232b-a539-4f81-92b5-2efc57d38f53
2021F	5064a720-907f-4cb6-a425-766dc1dd7374
2021G	541c3c28-8747-40e5-a231-8e8f33234859
2021H	5193f80f-0b66-47b9-86fe-a3fc70763d3a
2021I	c1c7eb8c-f205-40ab-a609-767cb296544e
2021J	db1b46f9-893c-4623-9465-985ff6e4472c
2021K	e1ef87ba-ba92-4573-817f-543b996d2851
2021L	9d2617b0-2953-477b-bd9f-c9f9e47ee71f
2021M	3bb49836-a6be-4249-a461-8a34a4cf48a2
2021N	e1cc23bd-379b-4f2c-a4e0-83fc1e7be023
2021O	7f9a4deb-715e-47d2-afac-3843ef92f39b
2021P	44b8eb8f-fa23-401a-98b5-1fbb9871128e
2021Q	e2b34562-32c8-4221-9fb8-d634b7ad4f86
2021R	5636218c-a0d2-45ee-9552-dbc54e8a91a3
2021S	b2e444f7-41e6-4172-ba01-47d91d5e7bbc
2021T	8144b676-569f-4716-8005-bc8f0778f3fa
2021U	8a673262-8745-452d-820a-03d5c4a4f135
2021V	38549f4f-6e79-46d9-b2f9-52ab0245ee06
2022A	5b4d929d-bdf9-4bbf-858e-e248f53325ad
2022B	59a2059f-5482-433f-8761-eb2e17859b71
2022C	e804713e-fee5-49ee-8a34-5889ffd6094a
2022D	5f61e142-b5df-4bab-8f7d-81c2c088596d
2022E	c51de34b-d4d6-4179-a432-573744ded119
2022F	b651abe6-2c19-4ba0-8fa1-9b5909ccbef7
2022G	df837242-8c15-42e4-b049-c933a02dc501
2022H	64e1763b-7bcc-45a1-b1b2-69277b754caf
2022I	5e4c3fe8-fd57-4b20-ad56-c03790a16cea
2022J	942706db-55db-4d8b-8337-deca3a4b522c
2022K	35528ede-7870-4598-a2ee-7f3d6464a74b
2022L	5a645837-b050-449f-ac90-1e7ccbf45031
2022M	f3d98295-0697-433a-9429-d04600da2295
2022N	78076b27-f888-4723-b27c-44074accd261
2022O	4e47a6cd-cdeb-4b0f-8f24-cfe1a0127cb3
2022P	63e08e74-9029-40c3-887a-56211c15ab21
2022Q	f35f5dd8-5b95-4f52-bbe7-1c62909a8d08
2022R	565e3302-2fed-487e-a0f7-7f8037d25030
2022S	a60124f9-8002-4769-ac16-387b61fa2bc6
2022T	b314f553-8f07-4ba9-96c8-16be7784eff3
2022U	fe88ea3a-0e2c-44b9-9210-35bfdec1e288
2022V	59ed954b-74c0-4db3-8a2b-1d395e33288e
2022W	81d56780-1efc-4487-9803-43d634ca13d0
2022X	4219a14e-6701-4ddd-a185-21dc054ab19b
2022Y	247df475-e4ce-4e5e-9317-11892d2211e0
2022Z	5e5f43cc-2312-426e-8ba3-8cda4c2dbba2
2023A	3963badb-c147-489a-95a7-6520a2960bf6
2023B	04bef644-343f-4230-95ee-255f29aa67a2
2023C	8c5e86d4-ae2d-42f7-a0e5-0e4141eb953d
2023D	d2703c4f-66b6-438d-9368-ebb55aa12e78
2023E	d34ef41f-624e-4bf2-9cec-7a7325e474c5
2023F	6bba5de9-5afb-42af-a7eb-24ac854bf671
2023G	392f7315-dc53-40a3-a2cc-5482dbd498b3
2023H	a3f8daea-b24e-4e5c-a4d9-ec8910e9078a
2023I	6727e43d-31b6-45b0-ae05-7a811ba72f70
2023J	e567c19c-0fe4-446e-a7bf-fce8a150cd2e
2023K	08078706-ac5d-439b-8f01-894d38751367
2023L	14b6bb0f-b54e-49c6-adfa-984129093046
2023M	db138fa6-33da-4062-9e48-712cdb893528
2023N	cd05036f-2698-43e6-a48e-5c8d82f0a551
2023O	909bf1bb-3277-41d6-af0f-293df1203099
2023P	1e769157-d90e-4b4f-bd6e-67162a3285ad
2023Q	273c0661-0af3-4b64-880f-e287799325e9
2023R	51c0814a-2db2-4182-9aac-77340e9a540d
2023S	79139661-13ee-43c4-8bad-a8c069f1a1df
2023T	47c94e14-a3a2-4353-910d-dfc310dc869a
2023U	217f004e-8669-45c9-a0ba-1baf81eefab0
2023V	efdfdd99-cee7-4c11-a5e9-03d60f88bdd6
2023W	d253edc3-5bc7-4cf1-9446-a8540dedffa5
2023X	70169a6e-89d1-4a3a-aef7-3152958d55ac
2023Y	647b6fd3-6935-4b96-85a4-d0191487ea5a
2023Z	6e26aecd-60e0-4947-b1b2-47ca9416970a
2024A	286c37ca-ba65-4d3e-8c5d-d1878d88fd95
2024B	2b17794b-15c3-4796-ad6f-0887a0eceeca
2024C	d4bfabcf-a859-43a4-9d8a-665533c8b174
2024D	95e7f33c-9a0e-4775-bf01-9d85dc57aba1
2024E	6171d14f-93ff-4c25-af52-a8a8179237c1
2024F	3879667a-f0b8-4bc2-8662-7c861e22b4e9
2024G	d84d7a49-2ef4-4808-83b4-8c65b4aa0e2d
2024H	14332d2c-ba93-4498-bf3f-9d601f88f783
2024I	d6548798-0c10-4509-b71a-2d8b1d14665a
2024J	55a85ebe-644e-4bef-8be8-5290408be3d1
2024K	53ef6d2e-0719-4002-bb5d-5dd41b7ba96c
2024L	f5e00721-cf99-43ba-bf16-b22d56d12c73
2024M	3ed80bb6-77e8-4aa7-8262-95377a38aba1
2024N	54b67b0b-cd3f-4e0d-ac25-fef5d966409b
2024O	a2f58272-bba6-439d-871e-7a46686ac018
2024P	c0f860b9-a2d0-4fd7-bfac-a49ac60c84f1
2024Q	1e6879fe-2f29-4ad7-8d42-7f5bfb469f4a
2024R	9425de98-cc10-4295-80e5-42a3bcb75453
2024S	4c822528-83c3-42c7-8708-dd1d37166819
2024T	a111d8a9-b647-48ec-afab-2b78f92173f5
2024U	b451dcad-db03-4ebd-9155-6cafe0240f66
2024V	a7ecb771-d1b6-4dec-8cf5-8d45179f21e0
2024W	9201567c-bab5-4720-aac9-260e6741f115
2025A	9e40b5c2-28f3-4bb3-b6dc-d2e904f3f3fa
2025B	eac8a97a-7eb5-4d0f-8206-e4963e57b265
2025C	053b14b2-b622-44ce-a695-5881e2580e1d
2025D	23464cc2-a69c-427d-b8a7-08e5d80235d7
2025E	d33ef7a4-41bb-4f16-bad3-b3ee13c257e6
2025F	d983636f-97f5-4ab7-9a43-0260e10bb753
2025G	b8dfdf6c-a559-4ca6-9e21-32a132b818bb
2025H	f17bfc1b-a0dc-45df-9585-84d8d433124f
2025I	bca9779c-0a0b-4ac1-8794-f3fc25549cf4
2025J	1361ca81-1304-49a8-b2e6-e76a4aa4a8c3
2025K	f7d41f5e-b377-4b58-b13e-9b07dc39668c
2025L	30659956-4558-4cbf-a65f-34cd00c89579
2025M	d7beb4b7-e1ff-4d35-ab07-5700f17ea1ea
2025N	b6ec8c6b-b4e6-4cb4-84d6-06234ace3b44
2025O	452951cf-378b-4472-b7fe-572fe2af2ac0
2025P	9383ab27-10b2-49ce-9004-61587a6a477b
2025Q	ecbf5a1a-ccdd-4279-856c-928977171f05
2025R	8de005d3-cce0-4cc3-ae71-aa66f1d38487
2025S	57f25bcf-c541-418d-87c2-57361d57d35e
2025T	60e818be-1263-4006-a196-7011fb9076c8
2025U	118f7e64-5caa-4cb7-99a8-184f4d3a7422
2025V	a75e6ceb-d62c-4063-8e96-f269e3a0b025
2026A	6e547347-15c9-4756-b176-74ed3cd18fb2
2026B	805b5a0c-f8bb-4555-86ea-eb9ec36a011a
2026C	5d293ad8-a749-4725-bd5c-c4e1db828bd0
2026D	1898a31a-88cb-48ef-9d6b-f91822e509b7
2026E	178a07bb-cd54-4443-8b62-675e0c52cfe3
2026F	03990f52-1d8a-4ce8-828a-c9bf633f0de6
2026G	a33565f7-90cd-43d7-83cf-84d50ee2add4
2026H	ad780626-4b50-4b92-b5c1-49e060bd597d
2026I	97fab8d1-480a-419d-ab14-663968e29b9c
2026J	e487c9ce-5e76-4756-bcd0-e4b7db5c38a3
2026K	2fd19b90-7ba4-4f33-b876-3367d15ab426
2026L	9d739461-c5ac-43a1-af41-3d5a585b5c8d
2026M	ba9bf625-681c-4a4e-ab48-399b2fecac6b
2026N	59218c23-cb7a-4fde-9cff-3f2f71af1308
2026O	6595985e-39cf-4ca3-b43d-dd3e64749fdc
2026P	a38c10be-90b1-4bb9-bd74-46784a751ac3
