#id	stem_sha256
35308	023c86458df5153fb592a1cddc961a486e40f80b3321fbc75a1a78a3f3659f1e
35309	999d7820983a63cdca5324a376f5c41bb043f0b2112d263104897f33df56225e
35310	f648b6d70eea8045a9e1b6ce22059ef8bc1d9065e7c43405f3c0902442f6ddfa
35311	0d4817a05782b7622d7748ef348acaafed72e0e4d928e7a1ba75e0afa0c0b73a
35312	52a37768bd3d9e7bf7830c4f00b85eada00c03f0dfeb9f8e87b5d192a934bc6a
35313	25c1056ef21c8018d00048774c3ca0679670c87ac4e733b1de154d549e32dc6e
35314	b6f2920002873556366ad9f9a44711e4f34b596a892bd175427071e4064a89cc
35315	a2b0f854d7e620ab385beb3ec65937bf15998c1639bdfddc33ce84c36db77009
35316	c2f78e05271eabe9d950ca0cf920f58a8a2715adf749c8ec076551a859a819e0
35317	025412d3df803873ca98af5b3475ac798b52f6c6b100dede2851c7a1dadb7b2e
35318	a0b6000ec6b6b45a71e4d60fadd52e8f7b6670b08cf613102f7cd5394fd9377b
35319	06fc39cd9fa7fd1370b6cd015c45a52b12d8c6238e3bfb8045268d1e62b261ce
35320	538bb893eaf1db4224aae7cf26168d68dbdc83be47913d118e4985d90973c8fb
35321	30eafbc1e68473a2443b94f2d5923a7f5709a753662679787f88ad955a58fc59
35322	ce7f5701b0a8bb3ae54e4dec9fa896b7bee04f1cb096a2e5e691579e3d4c42ce
35323	30c751ffab648eac6cd8c269854d088508c06533b5806ccf0a20fb1cf4a674ab
35324	b0f392121de23be4b97100905d18ba117fffbdf777d88a5ff727f173acd86ca8
35325	4ace7717a8336c96493e9a3629c4f99147f5d2f3f91e7e6262083f519db27ba7
35326	c9f21daef665ab56992a883973ac32f65c4f11eebca69fb52cda6264ad58a980
35327	0be0a595137de358d2fc5c3f094de24724fc03abd50d237b22ecad57b680aa2f
35328	a9ce3969185a177829a5498ecc468b6e14d69b1f008218cdcd28d0ff219efc0b
35329	cd404124c2cc025c488cfb4ff5602980b87f2304451fa689d536912d5ca49d6f
35330	bb38e55fc86a0d1037b8d65b3fad3045cd0d3a532629f99c0e6b5cc5e39cdf3f
35331	665316e02e788102209510ce09ee47d55f2668b1e74ed7e73cdfd8bf26c07fe1
35332	e1e4ce23a7ee6c43ed0a1834d5f0155761f46b44f2061a95e760219ad64b959b
35333	c8140826f1ea3583424d9dba1d198cdf5f10eb45ad386a3a8c1b4ebd6af29a4b
35334	c9c57c0ae9fd74737721fbe67d11baef1fa73b09c241fbe017223fc1423c6cac
35335	667dd01399ea7625cd0afe0aaf647096062ac500dddd44a1ce52ee5edf99b91b
35336	f0d3df6218918ad54b0f3b66bf9d875849778c7ccb28f2ec3792e4b10b485079
35337	13ee64f7677561b59a71121388775bedf9b42e6dab7c5eddfce636618b5396e8
35338	842c788ae76f7df1880a9cf3ca1f81c722c31dc5f9d9def4fc857a41607cd082
35339	730592260fd1776d277274f08bdb7e473e997e2d4fe8ee13333406cb505f0996
35340	08ff57383ef1a4cb3971d06a773bb8e3cd5f9e21c86fff004185fa8d04a64b0f
35341	cdaa0346dcfafc973656a9bba5d27a2db3106c132d2e231fb27e7661d06b217f
35342	18b4ec1b3836df11a15172fe42e8c65cd7c5fcced6ebee47409f1ae69854fa20
35343	7d2edc76f36aee3b3da2530525546a3654722a17ec49e2f10c2b190ed451fe86
35344	b804959e10881f11bff0f5e37517025b30083e95283d392559dbeed3c2c3b994
35345	497b867c8d5108bc98b92a61f2c784ea056639c4a0506a082390194c341d5c58
35346	0f74cf774b3dfbb3b305b02d5d952ab13fa6e502f70f61ac8e106520ff6fda4f
35347	9174cf2c0307fed29df45d1c6674bd1221ec4d3fe7e2ac151ef1848617eace38
35348	a0b6c4ca46bf3255949025455bc8ea2678f77f0947551b9747a281b6f12dfc31
35349	bbaf5bbf2283c66e645092b833885166ea0b4d6b8b17fae826769813cdf62b9f
35350	c8ea3f75c9d8b09fd1dfad4c697015be873b4502c6e622b56700591f79411161
35351	5f16da314e3c17390c7dfcf3085614c1978bf41591c8615b3cb4921d01b77613
35352	7a58e247fd50b4f9aa15b0b1ca6f69986be998449cc307767460ab45047e9836
35353	a08021fb1b6bebb854eb35ac8c187c8a8ba6f7c2bd229f5789c67e549b36d8fe
35354	fd621c47c0a0c1811bc6c5bbb4230f81f9d351fd9d032b2e56cdcd2641435ff7
35355	dec6f1d79cda4c7263166a373f997b70a6796d6bcbd6288da6c8fe5b8377f192
35356	37b3af885649aaa0bdfaf5fd3b781eb406e6ff7a2c9671bdaad81cc1658b0c60
35357	aa4bb7123f3d5732fc69062d536f6ddebcc3284ce339e561944d2aebc025125d
35358	65ff0a361b03596a5ab26665a2b35549a4c7a4b3a8988a5981382b54819d6bf8
35359	23ac148f220ca5444414c616c497d678f0afc5682469e301ae370464362f0e1a
35360	31a194cd20b4f05841dba05403a8c9bf6db9e779d21edfb483d27239d269b56a
35361	9442821b9f676b316d34cd09a84aef602447c5e43bfae4dc3750d53c8738bf89
35362	2d1422cf1f7e54eb33df02dd56a5ecbb7af4a0281407c3090738b3875c100e43
35363	57d546e89be750882ba16607def58eb80a85da0a53b4950a14ae385321a6d46a
35364	49f4fffbe0cd4a02aec2871084a54b6dc3f79ea80ee324c37d4fa014f7713191
35365	52af6b49156e233e91e60c0b590fe81a736eb7d80c6db4bad4bfb8fb62792f4d
35366	0107a8a227c089bb370d9c0162dc8b98f37b0d91570441470080b237cf7b01a7
35367	d9f6a62343dbcd3b3208c122162a227a3ce0bce824618340f19d98d405877d8c
35368	dff8f58c6e16f75e8263087e94bf6571d5de36338b7840fd4d7b9d3485ee1a2e
35369	35d664a3eaad0abaf1e82da438a03cac39efb2164ed6649395291d6182f62589
35370	cce94c19dadd6807ecf480236f6401eb67b439e3e488b2c411c5829e9087954f
35371	99c4320f7130bb5fffa42b5a83330524c63505ba61525c1b637ea5ebe5b26ef0
35372	40a4039e1aa6792b6c837333c7d55ebb88af685a52ce98b7157591920dbdb270
35373	293d34d4996cc2d3cf5e5b6324e83d4bfc6186bf656ac149f4624b059a10144b
35374	0f2d12e195828912841ab5438b4541a1b5148653e80329b4e0f82d715f362579
35375	1322fd8da5c4f06e86bc34132968c1ed4d510eed33213c8852a1f1188629f374
35376	e9a6706e23dad8b4f705707bbc2c48105346a271bf10c1623d4f9723e179b98f
35377	39165ea8b29e1f7a137f71eb9a1d6d9c14b4d518fea76b6e28ebdfb97e0d1934
35378	88a1b930be3a481684bbcbe176634662fbb4601670f685534383ee254d71b7d6
35379	006430862c8828f3697d2da8af41b3bf976c71d1d63bcbff41336cf9c56f67ac
35380	6c9a4897b517a7a930ddc6d64caf704e0c2514cb6ebff147dfc87fc75c8b96da
35381	616b0605e6221572071d8bc70ad99879b51ca59f48f24594e48802482a35ae0e
35382	d96bb7af46d7e2b6376f56b1a955437423654fc8f6aed731c3977a3091decdc8
35383	6a55dbe319b8d2463adb31d7bf557d55a29b8ef52d5ee7fb568c00c785a71326
35384	30268e9d3e954358eebc7c53c8fd55fbb921e6c1e42b4a2ec3760793c64c9acd
35385	8e0b38d59be052748a80304fffe0e80898e10f83a57c12ae138de2a5f6b067f8
35386	1b9be426ee024268e7d60ab40ba32914687b443bf4d3a908634d6b8c9b1541aa
35387	c38b4a706329b7cf0ef5507555b86ee01e4be26baf9cb200104fddd2a0cb15c9
35388	6334fac1e971179a16c20355260ae1121b3bb28f2dfb1a055c63d0720e876ec8
35389	e85e42e60375e428f342a7a9439047ea369e0e4eb446df36cad67e9be2773597
35390	1db47a27beb349915db3b485c20e7b9d1ebc7c3c74714d8d98f3d0b9566074c4
35391	03e4ff4b1bb6cd0f5dd9c8bcada0db0a2a5dffbfc27d1ad8daf067abf873b1b6
35392	150cd6c69aa81c1ca59faf2d005acbcc154191dadfc87134a9b799efe1678179
35393	85c9e65f7cea7ac4a4eab9a4ffe28dfb76512b7d0b33061458119e78dd934191
35394	6ba760743eac6cb27ad46bb84e3e254a8be97893e9c598d0da8f310ed5474d63
35395	151f145f181bac0b3baf04f52592210e563bf61959948db5b27279bb8ffd5c3d
35396	35f094fb461274356c84699fb1e20a05cd3ba87c3fac64a5e605303ad02defca
35397	6b7fe318e425b1f258aa010c30fe017e2412d1c74c703d689dd2db6a1a77ae15
35398	ea50fa7fe9c9560238f63a1e91da78855df9a78ef4073d0bc5d4c9077d9384b2
35399	0093a2544ad32bffc8404afa7666d3584172f14792de41edf7aae0a8007b1b82
35400	2f4074b1cf939e70cadf997a103deb1a5465778eaa8048f6b400784e572bc9b6
35401	30473aa368208df49846cc6be5386a542e71dad011d9a1921cf071530ace6ab9
35402	275962f373bc690e652e83049d0ed40d47acffe61b31a6ed5457ee140a3d333f
35403	9f840a09a23b2a964bee5094c0119baa364c3d80173a8692277bc6458fc4b09d
35404	09068364673d529a0603b16cdcc7e3b80f7644aac68ebb8e0395379143df6e15
35405	f0a404f3a9e10d217ecf730ad7daa8ff60938d1fb293611e6d3702180e8a1b61
35406	41769f1ae939e9b8b909f9a75f639763d3aa4890f9cfcd775a42d4b4fffba864
35407	0b5a69b9b6dade0c833d6b0a8ebab0d440d9b4850a23eda750098a78b72c742f
35408	34ff769bf7c7873b5cedc1843d223364190e0f6f477406b535f3df7f26bd9992
35409	32411f5c3d40e2e4476dd6d7055c1a1e504c9c1887619b6b3be09df89005007c
35410	b0e890de96464f4b7d08460919fad0d4a3ebea08bff630e22c3ab21679ca3cb7
35411	afaee37024cc29eeea60ad13728fa3a77d148603e4ef93c37f88dc9b22607123
35412	d914048d5d4eab486fc6d3cc80201d25be1b4a4e06b0ad5efa9c9fa6b63ea6d4
35413	d773285c10d9f3242489d0b20afe2af1effd3c1175c66c45ac5e208be26c8b32
35414	a893e8fec0085c1cc724bafe11e3300481a8af44e2ed42459f1ee1d55e9754e1
35415	d90eb56bf1932377bc640829d98efe848441c32b541b024b781764170e9a159d
35416	5a4d7825fa86138001be8b73a21bc1200e6a27ed7927b170056b5cfc0f8cbac2
35417	3049ad6de053934b2647dbc49998db9682cf993aacf5d7616bd0865a57d6e04e
35418	ca0b5a8703b7ad0f32b52a67c276251ea9f762b9d4bfe40e7539a4eea984c829
35419	d47dc893cfc79f2f695bfb1a90ae2ef41fadf7e5e4b420caa431abc9effb1539
35420	bdb4b658cf6233da45e079d2bb65b43f021dc03d373d6e053a724c2942c4017e
35421	bbec659468dd8228769b0280c05ebd4aa2383104c0d5141b8cd638a779466610
35422	0169badb275e9d148a0334ae81169c5f820b0c47f576d81a655cf9a0c4763692
35423	69f1c4a7a8d87433fcdb3d8947946000243eec76fa725940071e2ccce160e327
35424	e924ff1679c89461f057f35061707a65f28a899299f63de40ef5af7095cdaff5
35425	6d77bacd717f0da1aa3110d62529e3ff8109ec17d699b40078c26a94000b798e
35426	19b9157687a7b8fe56b7ad5ac0127abf0d37131b3b65727d43a2782ae3c3c7d8
35427	e59ced856dc4a40796e1e1e57d39fbf99237f78b953ee7eec2f252ee3a43b13c
35428	b493d48364afe44d11c0165cf470a4164d1e2609911ef998be868d46ade3de4e
35429	ca1670eba69d121fdbf6d8f14c087dc86d6996fe8c49dd526243d1fdbeb2121d
35430	a6ac558e3cc659a5e6cbd200141d984ffd3c06f357101f411cc78624f212a976
35431	3ef3076417890052f64fb3574f3191a3b4609f4a08aad28eeea60a8e0f8d2939
35432	eaeb5d669f91d6f29a6efa8f4aa97e1c8fdfc22333ca0a59af8aacec443f92f7
35433	8de7d56a2fda3c5afd1e5db199860ee98024194c1a6c38c508db7292c6a56315
35434	55a0216513a4ad624e7e101bb41ce7e16072f445c666e6fba7718074fe2e5290
35435	cf06ce43c7205ee8e9651096d9a0ad30b9ef487842994370f21aa6442cbae475
35436	104068d240ee4d52ed563751527b69df411da5b46132764224774e10a4a90b35
35437	75829e6d9fde5e7c4dedddd80920cfe68663e3cb0e40dacf480985c78f0b4744
35438	2f8d7a40ee6eaf276f4048e0bfb727c4e6ea7c05cc3e9290c5757cfc848e64c2
35439	3a30567a07c24eddd75aacd0b5966a62e384d6891e8e45b728a70d8243760a98
35440	b0205f20b4a3407b24f7bc732c500a367d92fbeae7e0cfabeba8b74e014bf434
35441	8323868c937f0fa07e84a1f91f821e0d5b9e78cf0eac37ea084bfb3a84c75180
35442	b811c749d0a51227a33e656be0d18b359e068790a5a35d01127ba79d644e521b
35443	8c3eedfc21859a0f3436cfcc631b1346fd13d9648313602bcf518af7741c097f
35444	d82e760fdce847530abe3282249ffd05f6292eb63c3969a88c0725d27727bfcf
35445	6446d58d6dfafd58586d3ea85a53f4a6b3cc057f933a22bb58e188a74ac8f663
35446	fe6e56e71a16bc6ab0e601eeb00a11f0dcf3d3beb86071f57dbda002cc721667
35447	c50af2eabe6ea14e3edb08b5d53f59b531271701c9577ed8d243fde18cbb76ea
35448	315a28a3de35cfa460727e18a8f469338e071f80aaabb17c76418c26fbe20508
35449	482aa9087e8e0f3693b4e621ed50ecbaa03a2f172ca86d5dd0bd787af77da021
35450	4f619aaee129690c869cc3c4d53f4f05222a1eb4855a48378c3d7a69468d9062
35451	58831bd236a1d2a927e7687f1ed2e9e532af8051f35c763384300c569d8acba3
35452	83de1df122c634a6c246d02c7193b7efa9a9bece7be32955188f14709626ee76
35453	c69948556458799fd2923025e1d69189566cee1c40d8de9b6b3b437947190f99
35454	fcfd075cbe367c158d5cfaa31fa06656a3e68f626388d96ee81b35dda4310b58
35455	e4b6ba51ba9ae7d1312be7909bc4f5ecc143e0224a6c11c162c7ae28a09cfcfa
35456	df0887fd41c0999d875891e1c43edb183028f12080b9e9c96c1fbeceea40d3a1
35457	c5bc8fb40a01cb10ee89cd85bf7c0b7f46f27c758434e799caf82a722200fb54
35458	9d58670fc405d59563b53f2397e12e6ded34fd43d23bd000fcc945d60fc05e49
35459	6907e6dc77a52625abf6bf1c7194ddfc5b117eaada215daf77a07cb25ce129ce
35460	b7d3685c9e388e9dee37e51732fb2389181885f38caf76d64564864065e7777c
35461	e6daf932c504a69a5c41578d75193235144b9686b584da1ca03d4e76d0d5fc63
35462	4c263ce8a7e34956c6c9409feb136bc6555088932986bd0ed1298ed889f982b8
35463	88ddeb29b6846cfeba8da509e71424b1100b77a2db63d710d9fe2ffb29c60d01
35464	fafd6dfb401d0a3324685c809466593cb4b3b11e315348d984ac987d18069c96
35465	899f32b976d550824e2a2409269b19eec6806c37d938d50e02e482af04c4f5fb
35466	13c821dff289a5929598325fe45ff9430e7e17bc73b1a32da2345460f0fecbae
35467	7b3033a9bf61fecf40a8926008f88f136e4d68fab85f5d7c90fcfce8865e4c23
35468	38f4467ccd0ce921a6ebfe7bf551ea2f58d781c688263a0d005c6d863a63ee24
35469	77c364aaf93e798c37748b7108a82702e6ce3f7c2a53febef0b19f2b4cf348c0
35470	abdec2d1b8cbc4aa67a9f3732b70378c5cf38ffc203e85187d8f306dfeb8eb31
35471	d60293e12cbdeb8f2e7a49ba0e2da9283b73ff50fea16a8a2ba3b244086c4ab9
35472	0894fcde49c9e3580968b349bed7574145b6fb6912343cea7eeb423f035e5913
35473	ea2a38b47419c5af04e86c4ac0a0ada85cf6e36bd49db7c00897160a3d83e221
35474	86b4c26cb72b7c84f853076aab6af7d0a534a5905dbc59e14568c8ce4b69c908
35475	af0a85079b12b06117a427af01ad13425850bf1bbab00bc135a431f60152916d
35476	096a2789658e4a2658f76db05bd6fc14fd8d33dde21fc34594556792dbda32b1
35477	1d74459e7d881eeb7308da2e6ccf52ef9afdfbcd890329b030c648fee751a418
35478	06a97ce7180377755718073a6dd89fdec9bd20c6d3edd82de7941450bab57ae4
35479	3135fb2b4d4efa7529914220c3cfc65059086efed7b805cf25c79113dd1e43a2
35480	3c933accedadbb000874bd5fa1ccff937b50c9ed1ab4513584ea5f6846cf3f65
35481	71ff56a94cb43341e6a5a254e415431dcf64b06482410a46e5d6790a030f13b8
35482	970b67fec0557241e87fe635f56b20d0673a64634c4f197d3c4344ab8fd89335
35483	ead6a3cd51cf892533605a481c66492ce647eeff8ea2c575a749186acc165284
35484	44592e3b13ea87cd5727ac4f639121151190316d138affef931cf6872820e1c4
35485	0ddc13715e3b243fc0ec76f023759e8e525536b49138da89bc1453b1b36c5ab5
35486	9e84182f9caff73c84c376257e7fc72a8fb75d0424b50f5332212c315c3ead7f
35487	e79882b6c7664bee896c6edf3cb3850addf3af3370af06ca17b0e2a7c7b513be
35488	89155202d6ced2e420b6bbb67a75cdec7c6005651aaaca6074170506bac39fc3
35489	dd217b370d8a18746d269badaaab95248204e61f823bd5701c546186e0942594
35490	c4f1bfe0c9ffa68c4bb8d5c700f736bd279b5e534fdf287df32340e72243195b
35491	125568ee96af425913adec71910363fdc5b290d12a07355e05ec45cc888ff42e
35492	fe30a53620e1e391b6698feeaa2275933048e8b784fc108a2101e9963e3170df
35493	6591bcfbadc3ba8527c6b43be697012aa05ae95f1f4a577bf5f6cc55ed277d35
35494	0cf529fe313af3767d6dd4617b96e95de08754a2462250b444a8250300aa4bb8
35495	cc98ccad4761f0698adbae0261588d9c812b50111c7e1f3fa8ccaac6e9afade6
35496	e17f70b2f6215b0642e89bd238ddb51ae9b009f96ee9556814238d133db99868
35497	585e7512663d905c2008ef449d571d7dea9c6af961e6aa0ede64e9c1ce069f86
35498	a431e1fab7d0c32ffa0f80bda0250d33173027b2fe8649e25c190d66e43ab1bf
35499	cf1dda02f48c99e727ba74622e7c211b85a391329523aa567480805e71302224
35500	d49ab9cb877e19cab3e2a227af7fa5862c573515210fb4eb3c3bd6b78716aa40
35501	020c723402b94c8d54ee05da855949b00c4e5ad74e0231a2eeb50e7da15b4059
35502	6372d39bd8e19c647f033fecff60d025572f43a11c47777c72127d5d61e2d56d
35503	98db82b56bba47c694915518c526db57aa8c5cbabc341b85db78ca12aff5264f
35504	004d1f5d09d7becf40d165366675262570404ab685ae049b3e4c9e66477a8128
35505	432d850544440c13ea34a071a13a716537b442570cdc634864b05032f9b2a5af
35506	f185492726ebeb73e17cf2f54a7dffc40cfd134bcecbf576e91f2617f992aa1a
35507	66360ba241aa3c211938f33e9c9aa3e8d15f1e17c63872081df4e10349c39980
35508	86b4bd79fc1c7e17f813d91f9d740ef3ba39d2d2e30c04071f103034b3978fc8
35509	a182b11f8bfaac5ec77349ade488ea960510429b67843c6c67fbd1aef0df8c41
35510	1de7426fa7b9a2a4748e573ba67943231d433bc1593168d94bf8d2472e2334a7
35511	9916f0427c4bb7ede0a62d301ea23d2f1ce7ad184b631f49ae538debfa02bd50
35512	dee237682d90b3d2e65599e25fc97efda83058a633c023d2b7ff1e7917d5b93e
35513	76ecd1343e76481e72c5d809dbeb5fe4eb26e36a8677f317d216d8e4483d06f7
35514	c6ffc1064539047758123ef5032f7d370efff372bb6c03395b97a8fc8b4e8120
35515	f93a8b74f3a6126e5f29f15e9661a18328126e53ac99d7ac97699ae977d09a9c
35516	c5970a4c9104d496227d0790061fe6232e8fef34fa700850a2762d32014f11c1
35517	aa18d983a06ce58e1506b5dc96d8d464e5b62c2b0b8a17f8e5571c97ee15ed76
35518	b7d44d974abdc0448c980d2c1ea8878346a76c4ea8438742617302f99db0b58c
35519	d893bd8ff975cfd2184d4018a6409832f447542dcad1f481028aa93e709f8d50
35520	104f23112c67428774832c598504e7682aa726aab187bbadf8a7915b0e849ef0
35521	3e309b236c4ae306e33448ff6d0bc09db90170148a5636985247cb50874d6245
35522	dbee6828df75e1f9c5ad132dd66c853a7d0634b50010e84a03d6b33cf3201d28
35523	8fec227924b66b738001f86999caacc6cc6bed04033a993ab21119d716cfbb57
35524	4d9370fc1d517bd7899ff2a493f87ca50275b934460d33a5e5d8bfb79682337f
35525	993be22f261a3c8e5de04db90c2f0b8e51dcf9f7ef0c9866f2f8c7d1585ec5a3
35526	5129d6a51ac8f116d8bf9c9522090db32fce4a3996c503bf150bb870ac95cd08
35527	4a778391d1be4761f9dfb8ef2f144fbae78c76606ea62beca96a2d2666a0f558
35528	ccd04b2b260200a7009c9957fcd55238671442b94eccc6095e1d772901589a4d
35529	6c47b783e8978b873b9001e91c2c276df280e8bfef1c1bc0dae7f7821185d3f3
35530	172055c4da697ab834bd3100b6b5800dbed9b602a1fd76ce05ff74987bef325d
35531	abd686f0cc054b1ce89b8c9781e4b62dec99e8ffe542267c703e8ee937322756
35532	bf33955ccdc8a4f6b9daeb6b6941ca2a230042543e03880a71b06cb26255d1e5
35533	aa279155adbb62cb417e18e122ec3c19b27cca6af011c9bb09d9871cc490b87e
35534	04c9751cb66cb848b7cedfbb96183ec065b4c41f3be6b71516a0e9c0f727f3d3
35535	bea43f9731433bd37a833b565851b9cb52d1c0fbcd3a910ec4a0e30b5954be3f
35536	07ed6b07b03a4d97214e6b965758635d8d34221c56d072c75f931cf1bb878f9e
35537	6ca39c951407c227e5c92e23b9136e4e3463b484f453efc1fb6b3303b81006bf
35538	1964fa41a8759f3e06ae1b23af379dffadcd9b5367902c7b0e12f61271a1fe32
35539	81ea680212b1ff8d727985328826eded89ac9056d5871a1933b02576d63e6d0c
35540	a840433c60b4e1a762da5c13cc4d3b8f58bb650be62201ed3c01baeed54f5edc
35541	0809bbbc97f779e4d2db6b7f22a90dc8a4264c8c4bcac1d733f3c044daebb2e6
35542	fd01e9a6ba08890e652f1af23b3620f382c1747920f63ed247ee2a38ad239a38
35543	f97b0819f070de411d100887de7293fcd2977b997211c188d96b8c124f1e36b6
35544	869e185967bb782aabf0680d9db25a0b58c9f4990782d003c3ae6421c72bc613
35545	87b915a7ded358ddd33b65fdcce3d4a1017b78845b88131d1354412b637ce525
35546	81d2d1f55c491095bdef6de608aa65181ff62a1dff814992df2a2d6a5a58d870
35547	b1548438d487c7d839a8b3722dcbffd13d8036c0b0531746b990a6433f7c0613
35548	e5948ef72b5e950166bc7b669e1cc1ad326afe7e08621ab63b34ef971369307f
35549	ac67a844002c795f54e13e44bab437f15df4c70a3faa758b4c10e93584db670c
35550	799cf8f2a9f466170b527c9f2dea6a97fed02d22efe448662e59fcdb4011d310
35551	ff36283ab656e5a0ef5c1457885706f6b8900e8770b701cb5a432947d4ec94a4
35552	97b2e0e0ff5bdc05d8818bd65adb544fe28b71783c5e3029bf3c9976f4ebbf52
35553	0ae43e33e1e406e1c0b9821472749a57a5ece47b498d27ca18186a9d8fca3b5c
35554	0b57b5cc71c41cc0b48730e9cc67f8b668c5822ebbc263d66839984c1ed88ced
35555	bc00885e08d23a8eb8346fcd9c53a76195dc803ffb3e855a70d7955e6de95f9f
35556	ff662f292e6c33eeeae6aa12ee4b695885137243b1bccd9e1e9ed35cfe39b2d7
35557	3cd1ad4e97c2b0b1862a2bfd641d242afc17b3b83401b4f00566333caf548bc7
35558	4978c1d21cf6803f2771f333380e586644adbb1d88f1493d7a0abf3358095abd
35559	b561a86aceedb10819832c2d4d6908689609b247d01f09a5768924b3a3ffe5d1
35560	a858cea489061f572f8783803d336a584f06f6fc47e99ba381e489cc652a1d9e
35561	a01b488f84eb7a80a4257ab53ba6b31d60382b3b43e1d30d6f9101551aeceecf
35562	1bc31c75391ce88cb88a0c109d9189071b9a52760a29dc7ee8f99aaf16cb0edd
35563	cc8321d6375c494d043fdd0260f21bc0ec51dacc9f6abb7f909cdcd3041b78bf
35564	b6d1dfa07ed3d57167e4093e3e1dc0ec7cd7a881edc25fd32f7f7cc586403116
35565	b692b600ba154189640a8ab220465f694ab6ac86bc854c7c6d3590d30f4c92da
35566	5e90f7d53f9d8cc6625ad8f16abc031cff09d776c74ff68dc6907ad680fafd49
35567	dad72d15c52f8156284794ac8ada4f4f7a69f101d2776098e2ca8c3e968099a1
35568	a5f2f9fac8b8c2f20ab395cc94f002012c27cb5a22486fcd9103316661fc0f02
35569	cd592978633ac29dd2e2d089631fff665d215462cd01c822b0b0ade0d7769940
35570	11c209b437262b61e354ca822d4219f6a37070299ac2680b372dc18fa4ff6370
35571	b52115ea553c55b7f70ceb81a97870163e02cb159d7d4717abb82d4e606e2465
35572	4e4a2d92b4e3d7fe51bd276c7a01b4f8db955eb26ad44fc27da62fb9a372d533
35573	8f8408efd135ad3f70ec94b1332a58f000d566c67799c6334b7884c8a737218d
35574	36fa698835c338b9e681fb5af5a0183aea593008732c647be5f24751e0e66103
35575	202bf7b8102e60e9d6dbd39cd2c4fc872b3df08bad4ac3d3935166c05532b0ff
35576	d8f1c9d31e11b769b2bda89cef0fc744294c6c9fe76e93369901387d40908b76
35577	e5d52b4561eb702281f5234675adc8c1f7578df9007cbd88831322ca35fdfed7
35578	b8a72088254dacc0ec2842aa2f65989bdbedac7dbcee3a64185bd26e09ce6521
35579	b3306e20263c623b52e38c1a71cb4b1f221c03cd93f27625d0de9f2adca2d5aa
35580	45459e030f93ef93e90ac44cfcdcaadcfd3c105df2d1d1895fcd1f2e7bb7b798
35581	6b3126036269a5a8c4e34e6e2b94667e98a400dcaf1e7bec99c3aca048f3c2bc
35582	236c76fcc700cd62a545f0e25ad00b8f2e7f63a98f94bf1bf534d15dbf24f1ac
35583	754865e8a5d040d0231ff0cd51d0c988706fea05a47c053b93d0a71b0b712b9d
35584	44d21fd670b5fb10cc3f7a29037162d17a20f6de7f2ce38904d3cac805719b65
35585	c07ca2fa6f61406cf0cebce28c055db5ecaa85da6bb3082a75ae49acb8b0bb26
35586	b8ebfc79a20d84c972111cac45215e25a24378710dab6e1ba6d43282efe91b2c
35587	5a0f98ec710e8a0cd6ba39a4411fc1bb7c71de98158723e647b6b9107bfeecf4
35588	55f2a6ccc9199b6eddc984967acb58f57d127e8ad0d9bb1c0df183b74e72cc02
35589	75066bc4643aa78a11400c93efd771bfa615ca7308563ad2483c3c89c3f84bb2
35590	01b292294704dc61bfd156ff285a080f71eefdeb7f0d5098add7632c7d9a1b2d
35591	ba065ac3eae844f0c76dc8eb52ac8cd67963ff219828ce489e25aa4acd7c5dfe
35592	2e56bbb64f95cbee828742d30cf46763e6a0ebaaa39861e875da0506a1005ed4
35593	1689b22cb11ff56abb7dc1dc07548f13e4a5e9c1d3a18de02844d564ac2b8df0
35594	29faae119ca8d1b4677439c81d6a646a4268c8d547837c6da0b75224c49da30a
35595	89dbba92745677d1872f118228c4b177e46e516f8d327ceaa966a5e62c8e244d
35596	484d1967d56e495218cdb31222883d1975e99061a5f6269c77cce093edf12b9f
35597	6fae0aa48ec297651033c47b68409dd272d4ef7c35a275852140eacf0db31801
35598	2636a2bd7b96fa8f4e61de0d6d9b6e6cf6138aab63f79785f6274cc522b89c92
35599	71ca985dc96e37dee385aeccb078a5c911d75cd1b1e9bceeb786829ed6545a65
35600	5c10cf5fa44cc3b084f10256582b5150622104bd924fae76cf2f741bf24013c3
35601	e369a0cfcd4f87569e2e9c35da4cb94d988628ffac9d996936719a59c94a5eb1
35602	0e729d8c3ba6f9011265eb7bfb1641b791c8045e97b1137e14f91d3da96a63b9
35603	52e76d7d10a910f3ba59b3fe45bea5455302cf648de70ad2a487c3ef241db9a9
35604	93fd491d148ac5451ca7b5cbe81c94faeca7953237e3c2c57035aaa458288554
35605	4f390a0d6190e90124bda4b2955b076eff8685c74c9efee75e7e91150b67ea12
35606	2f9755675b7de488f6db1f32347273994618760894dd0a1d39332c89730fe1dc
35607	c25ab4542d3e48bc420d7744fb855957c9c3a1bdea18f143b82e4f55a06b0e7b
35608	566084c09c4f8a6a584a15da31a2f8fce6f8a3747e3289c00592e51d25f52679
35609	8ac942872301d40ae34f12d0382efb69c48d34fe885525f1e900fc5b32609f98
35610	760f5f3223168a288a0735eebdedf29904cf65b3bfb57e7e64bcd3788ac3a40c
35611	eebaeda4115e4a3fd80ee8fdc5f0a6b48ab37875a1401b7cd315280f327c1626
35612	32d34392107d39560b1586ae432fd55e75d578f77a36538b11d1a115e8e7ff63
35613	97ca34e15d8f63ebec64dd3a3929320e368cb8191752992b3b75fd281f8e580f
35614	e189412b0cb23d3b3aa0123a0a66f58d3bc280990bf6d3cf694a1b6ceb0f12a5
35615	4626a7d6c6e412fca8a20d99b9469888222b7e34f51703e79edb860bf6454409
35616	1d3e19e6beaf8fb26c719392190a202f7dd2909c661b4363068c215f7c3a8253
35617	c55c7c56da798d9d415c66beb2aa523cd3e5c2d4b8bdcde501ec343fa6b5a3c6
35618	70c42601587ed91b62a1bc1ac64506f45f31be21e41f4860cb407dcad7fa683d
35619	9d2fcdd378911117dfbb3603f34e00a53c760c741c45535da04a50d0d919d883
35620	e84f331276e2676d713afd9303fe2dedd67e64246d2ed9a04696b93a8527761f
35621	ca5a61ef39786c8ccd932e890fd2c9f77768c85d7b9f530e09ad5638953680de
35622	0841c94487daeed67f3f7e209a06ce78ef0ad38f7865e0ecbf690deaee117a32
35623	dff6749fe7b787fe22078c7195d9d9baf3187c51d06e4f029090a66f786979dd
35624	8cf3a8dd193cff10567aa3c0e4cf1a2878981fb95d96a1f978bf7344727fde6d
35625	3a8f7e871e25f4184da5d2f3ca7e8ec01da669ebd20ef8bb21cbfaf30dcfd981
35626	59e3ffb4374e66b46ec49d52297ce28ed7d476c1042d826c7f2f32a1ff8665e2
35627	d2a67ad6236ba5dec1d1f6f966cbd331131a6b226d49eb397fca923ecdf6bb33
35628	350069cb6194a16903e8c2cc98ef64c5bb9b94bce79a27029712175ecd37faf8
35629	fdc0dcbe751abdcf6855cf812dfc88dec71d7cbb4728bc56fcaf8bcbb5f60a90
35630	0bfa76c53afa86057ca6412c662a2c023396992392eb5af35f9ef9d278c9329e
35631	a3c4a73b7260561ba7374400da453b8e1cd9b73d09b176603471d45cc2d1ad73
35632	7411b01dab261e77a29cfc89992e1aa21fd943200dc17da3df07b3f5e3b2358a
35633	6333b318e9856e0334dc1eef6d04cd881211fcad1f97389440ba1e439f3aa6f7
35634	33e95c6bd3d5c03642f03831850bf260a80ed6f372629d1be0d46da0accb15ee
35635	bf0cca2ac38a65deb918c48c41d9a2dcc1349125f500dfbcfabfe08efb82e853
35636	21c911499649bd0a3c4403cb5930c1df5adb1426d485de604139ebe6c216c1ea
35637	104c0285128c074f760fb3f53f0f310b21f4c1c5d1e7f633fd47d2e17a6235f8
35638	600bc4352a35fa984fdd555dde6c3d16944296e4f84db2eb5a4089ae006c273f
35639	ceaa16931086847286ce7dfcc0b0006d59e1a9bd2f1709121135edd98aa20068
35640	28c7912cadcbccbf1ba28873e0d0b20d30170b52f83fd63885150387edbe67e9
35641	b58ce2943ae062feda230012862d74a87119aae8b7024a9d990bcbf2e7d1c413
35642	6a9ace329e4973e53fe2e4efe614ffd1f668fdddbb44a30ed2f0b2737ab06c01
35643	d5a0f10cb62455cc2784025d7a1d90561140ba07fa12566d839bf5decadee110
35644	6bb7b761373c7080daf86f39c1faf0e72bebcc40af9969c22db2d227adf1f420
35645	6367d43a5b70205f2df4e734c58f306e24572dbbfd76291d7045d054f9b9e02f
35646	41f5fb253493b02b064f63b13c4831ee5e50a75f5f8e10e31f7f007425ef8d52
35647	3137a37f2bc5d0fec2a07973b8dc11bc66ac6866c7ab7dac3676cf180700e4ad
35648	c5fd70aab5e4aeb304f85ac1019df31ed14e41d35147650b100493d66291c6d0
35649	08478732fba208d1879863eea9b9b558840d2b54d640974ea1008f81b67a1658
35650	9ac9939f8a65c05985e0d0f95f0877b463f3c0c049b7502412c0922ec9edef91
35651	4b31e34c2dfc12f50bd40740e531c590a90333f85013fa3f2d2bac60d46687cb
35652	b4cfe817c2417050e492bba49bc75c2d022f538375073af85ba61f2f98632cfd
35653	38bb6512068bcbb77e992316dead3d0b24a2fa687387d773508317e69e9766fb
35654	f0b3884bb17bcd06010fa6d6deda9a80ddf1891ad5e2ea29e6a990433d63a5bb
35655	6f85397d143981bf9b0e2376ad7aa31ea9cf8f92ace0e6076bcfe28fa8fe4150
35656	8ffeebd504eb7cf27cc905b698a1e02d2fcd5db468e14f60919c5b9f0963e9d2
35657	1f4780c37d1d3d1f6ef343058f9494db640a4f4561c632713d6479e9b667458e
35658	4a14885d9a1ee1bcd92df88ad35d6e7ec03b9ef6ca071489c0489efc61105a9e
35659	f76cf8ff8f3d8010f53ee9856766db4ecc8528c8b20be1855e9903edcb023acb
35660	21aad4623bf7da57b967f6000f9dd79fb09d824bbd604d2580aa331b4a1ce7f5
35661	10514f3e54504415985833f5680c606a32f2bc2c84c65365c94ef82c29211acd
35662	80e0bd27b686a8af6d78af0455aa66018924430062e13019aace4c45613a065b
35663	9566208abaa078e40618b2bed40a072b25ff29a3fd3e0d3f77fbd40a7fb3bfe4
35664	0d16d029177623de966f8326024d7c2825d2754dcf4f6d26267c9576b934ab2f
35665	2481f291f09d47e54af27fee0d9892bd79dac9a9b3f5cd139935e10bc6f741fd
35666	7d2aa28d13675f4c808fffed479732aba79281a8a95c36ecf0b9b90c244706c1
35667	1a4bdb9c3906ac37dc9fa136ace0e92518d842efed6bffc725d18cf8c236c0d9
35668	cafc040464e9c9e3e99e1bf6b7067f93143734df006d9aa3f047ec83339e48c6
35669	43e312ca4459c71071e601f10c78d09133898f7d9a0742847c213ae5d16decf7
35670	1ed935df98b63e425c99597f805c06403f79bd88d1bb29206519d4fa8b92340a
35671	0b0fd268bc24b10ec5f3c437f53c19068705f985bf8736b3428baa2415278c15
35672	242479ce7689f77c5c4e52ec51a3be098008f9d7133495a20899b674f0a1fa11
35673	4465a1c676ae938b35fe4cd4001574a5c66924764fa9b33a1d37ecf865ccc258
35674	dd59d9661d74b2b0ea82082c09fbc9bf864237bbec5947781567785bc3bc68a5
35675	d4910331f00188fff8cf7b622b52b7c22023c9dd874bf04ddceeb9fdc88d25a1
35676	7e3a6d5ebafae95203d573feab523da0c7dbfaa40a9dedcbc56ecd2092ec6d22
35677	dc0f2999f34942ac3be3651d9570c60cdc34a99549d7095546affc89f6917a18
35678	712a81f02b8bc065ab1bfd64a43e4c3ca189adbee1e362c34c9de9e42988f706
35679	37c5a8920a4b36a7ee677e95a7a6efe95eef6ff90430e4ab0c3b3eda43791415
35680	9a9188f6af1938c0410f0198fc31934f6fd95955b6881b881d7b45f4efee3d47
35681	858c86c96a3f31e3e81bb2b0a75926fe59c770e26c5f7946cad156b6e8424312
35682	6eb74d6eb0a207645d22b1d3dbf4345f3a70768afab1708899bd35c7bf873066
35683	faccc96c96367cf8528b3cb7f974cff15fdf927db8b149d3c62e6dcb14634dd7
35684	5dc6d49047731fd1c5206400c0fd82118118ddc9033987825dd9b2e76fdb1e89
35685	b060be0c536a5686c53c52fdcaab9f794ca288ef296c3eaa909e736020d738aa
35686	fb552e2811b65b92adaafa514072806549a2652af158011c7c3b140d33dca2d7
35687	76032b524da6b2b08a68ca77dd1971a985ef8488944983e99c9434342682be6d
35688	eafeb1ef5cbf0e526acbebce8bec2f40a6a9f7b03dbe8ab15a378125c0a6e090
35689	66ccb95c03507b834cf4505bf614ac1886098fce280b77d859d908a33479236d
35690	4befaea6963fc522a11dd95b828ad565be04f64b7b349841399fca9480092dac
35691	8e73dff4d437b7574dde572cd0b311b379c468d4f769a865342714c148987ff3
35692	3feb142de3b0711d4352469cfddda85c8f73ac59224b37bb194c3e6b5d7c17bb
35693	79cfc36c1ae1353e5ab24959a7a8411b175cc0052f642e6333f54dc1bc0b5cfb
35694	eb8fb8dcd34c60dee0814115448567a6cacce7229daa4e93fb72648bc92b77b8
35695	890793586ce806bf3ac6c6346d62a99993118cdf610df90e2cacea79ddc7598a
35696	c853a690b88f1900e1a2c48b7e7c898dcbf183a194d70fcc7368cf415f2e65df
35697	e1f8d1d009b4bbebd83506036b85a2f00590fb087212ca708a135f5e75274d81
35698	cb37fce350c1d599d95192e2c3d9fc4c14e77908e31ff56f3ee76e664e9012fc
35699	2a85d96158900eeaeb64c4b1d5542d8bbb6fe985ead41764b92661123388bd6b
35700	c434071d5de8d3b376fcbba3e78c075fb3feac94a2e26bb7f6b86abcb7df0155
35701	6b6b60ab89ee0e6afe2362d5099adeac4db444c6d1e891c8ed018a31f1adb6ef
35702	58c0b99926d7f8fd38b057299252f56a918dc6f772e27fce82955e67539812b1
35703	a0611a770f42d9d65dee403ca31bff2b685b92a116a2d9c1896696a3cfaf92d0
35704	3e88ed613a7c61f96ddeaf4e8fbb2c5a95cb0c882e32721c7e8b9d853d14a2be
35705	137fb1e68c98d1e389e0042666359f294fb2113b27ae8df557eac0cdca2831a2
35706	41227aeb57e6e6da6687e427b6d81210c0d2422a72490d7a58655f42a4de44c3
35707	27a709d43275115aebb38db93df0480ffac90808e55cddecbe764cd6bbd998f8
35708	63e0a412b3d3545032bc222321feb428fc567383f3d2ec7eb652ff478775f652
35709	3641b0f60c55a662f29c02af5ecb74b74892c5991807f107843b6f0944ee40c7
35710	a95a82680beb28a6bffa3cb5b99c5e84b4107899f6f074111c07b2de8fe31bcd
35711	8f9a42e3003789f30c7a067e470bf88d461bd48006e52305df077fb2c369b241
35712	679247575b8bc24854256b00a1663d1646867cda7dedeb5d81420187adb731b1
35713	c4be00a92be5206dd0b1e0000fd16169bbb278e41e2dc26381a10c9069d6c9cc
35714	be03787e1819049dfa6d0cc3bd3dec6e8bd763b80c1c57f031ed2676967f3f75
35715	4f23a102219a981600c8ba307932a995ff0406d827bc1b9f0c9ce04e107aa6da
35716	861b7475a20565e1b7d87712682f089db3bb7ed747121de2fdfe6ad02dc9133e
35717	cd5caf30338b13c922d01aca47715f5652a53c60cf5078337e1716664db155eb
35718	3e6b2f2064e2e2bc6ff3fd19c31508770f5c88c094cd75ceadfef011367b84e4
35719	6f581019d404100de1a5d2c3c4962cbb906ec910a9eb71018ea6d0d203a03bb2
35720	e01be85e650dd851f9711771da43d80816979925d98674b948e0852ed13a2600
35721	715b82e73f559054292c2daa314af7053f826668ec5948d1e2991f3d52e297b1
35722	9164b3a9254e3154629c923ee38aca5f1aedcee599d02dae23c0a254bb0bbe1d
35723	943a4bab9d813c2dd6c84362f2ab12a09719f06e8f3dd11189b812cd854c7795
35724	32b1550b88e10e6eb3e5caed22ad43f807aafbaad8883dfefe12fd3dcc2a65ba
35725	280f8bb8c43d532f389ef0e2a5321220b0782b065205dcdfcb8d8f02ed5115b9
35726	72590dd4b5a398f48d12e2fb436e46cab0f46d784245db0d4846a5bb718e5182
35727	27f56792ea8e6c39fe930bec6df6596754e2f7482b5bef33a6e34257a0a3fa65
35728	498f314662c5922a96701599bc49329800b0938197b9108c6f0489e1d995f34b
35729	b4cc696cee7adf1bcf94ce1db016dae64bc0cdedbcd45cdfcab0862f329cd44f
35730	33a3fe9944f49928bdb5bedbca8f1016c7ffb599f72eefa0dc301bb8b9f5f3fe
35731	265713400773edcb4c9da2f6d75748463e8f0baf795fa65fa20ac24510942ee5
35732	14948a187b8871358617e3c9ea6ab84926d1cef7fe86bf5af90200640d662eb7
35733	34b194d68a194ee160d1189d09a24a927978b41969a219d3a433871f4560d93b
35734	956c97c8c505319b107d31a1f8cdf1deb582460b9869337348894ebbbb0446f6
35735	48bf9b4f142ab45cac6f33cf99415bca6ca8e07608a031237aa76560fec2204b
35736	cb844448a99e28b0281e6c5b0765657a79afa5b06f330f0752cd44b0864adda7
35737	b809c7c1d4ed8984b6939cf9a8dfac6c32291a176171211590a0fd7b98ac5dbf
35738	a2597040339596eaf88e9da78b6b22e79bd55349f23d31b8cec29c6b6bd247e9
35739	c723b18241ad1b0a52918ca6b543ec5e3f08f226f45b4bdd3161f065d79689b3
35740	9ce54381f62c5a5ae1dfd0950430687bf00f14466ff59bbc6c48f40dcc7752ff
35741	85c56ad51f62e121fbf92323d0368e0770fca34fa9ff5aa883af49e1f452f620
35742	9332689939ea377825734e8e8393acc2f690aefa0d8db52175344853f814059c
35743	e4c8dac6a41b2d70281cf0dcdc16d9873cb89f92a990013c292adaebb8ab6876
35744	34d9a2da73faac8e007173d32e5ca5dae8a6e503621a81cfdf6a7b4472bd04d0
35745	53b6dad4e108e7039285fbf09a0b5c658ad191ee74de2c5488764015a6679b16
35746	b45a713ad020463b19db252f2acc7d13f39d960770a4572965770c5c54ab0ffa
35747	98608a939d6125941bcad26fcfc40c8702745edb9c1bad30877fd95ebe76ce38
35748	e353621694caf0da58a462d9a909188a48826df9495666c90a10d6e8606bc4f7
35749	515b015ece8d99a9790225f2963c1a2f479715e75bdf8204e293150c4acb6855
35750	b96f6c584eb384f63083f9420fb958a563ed71d86a5724e7519ded671054dc41
35751	f484ed5dea773811fa47bb7620bc70dd4396ac953c6c7409471533b8185d186c
35752	8fa931b51729807603312e9d3cb44ce1b544cd51003f77e8fe72df428d3259e9
35753	d5bbd25a092127f7fe50cd9cdf720dff320bf18d83bbabc691172856166391eb
35754	951044f3769c723027aaca0883086bf6ca9f5e4b2124ef253a7e197fb81da507
35755	75209a8ad7356ee0ea141ac328da366cd38346900dd91609bb5051e9501b8eb3
35756	1047d9f6b97c5d40cd5840be97f6fdfbb4d5bb8ff2236252491079c511f2b958
35757	76b9571b17791f3fb74a0f8a4c0b6e3d4f89136d42f7901f4b3c8fdfd7b1622a
35758	e845450ddcfacb33a70c80cc278e226679a666dfee90aa0c06e869249f75b3ef
35759	266a50b09c9043a7da1986037c5e7d7f62c8e336cba140f5eb21660808e797aa
35760	7d20f5c2c0b16ea799999a63b1e547d586a1c5cb381f36c4ba84e4707b17c8d3
35761	9109ae026d0078527f9a2d0782171596791f5a2cd732602aeb841be173f746c0
35762	eada89df0147052cff380a3dfe531e1ff6bb1d13950907c7672dfcf0777fe537
35763	42500f00889ecabef7745f8dfb4edc20516f43f6659d0a27652f14158c7cfedb
35764	87c7184a29a9eb2e0000d83b5a76661db2f255e5d23f87712fc34834f5ab34ec
35765	b147208c0ac0d6ac2ab571059c4af1493fc0564f0ffc86f75abc52e3992d17ce
35766	2edc097973f6b39d66965ebc9902eb7c4c5412e553205b104f92c109a8c37c28
35767	33f28bd2ad1a6805b52456cfaaac0ee7296b2154be442e3905f0994fef7e1dbb
35768	f3539e94a4d6512ef6c480e2bf37cf330ca771364857a21e8f0d7881ecee68de
35769	4f7a27c3d1065d1283579b57c3982652438077d4c7aa6270e15d1904d11d17af
35770	dc8ee60fb008890e0d9f32293cbfdf5e830e1fddf1e45888b3099ee2b4487f43
35771	27f0526968436b38c8b34ad8a70cab1df9d9a1c9d5308c773891275be450f571
35772	83c8be75eaabb3c6b639def20d0166ac67a4e28f2bdf9bd0d11069d971e5b126
35773	1c22473d8c130edd632de6a3aa999e043a9bc8342c0f4f78cfb825b37d2d1b6e
35774	32d5d6cdc740111d2a42264a229f07804b65de3b313957a18600ec0082513391
35775	1a5d82eb8cd627d4ab244a0362104daff036467b4adaeafbc20520c2a09876b5
35776	c99d093bb4f15f0a8f7939f677efdd35fa9ed0b48f76f9feb5428cc7886b82cc
35777	2d706ce0a99b99450c2cc68bdd8c384ba94c5bce108739b1b8721b9773c905fd
35778	c09ca71b0bf043244649ebc792e8aec04f22229b044ebba5e67c23c2ed692a70
35779	c552ea09c9cb80abf6fd9a1927619fc6c11a7c004187c98132180492ed707c5d
35780	f77064385adfecf2a47b2fca899bb8c33e98fe86ad6baba78bc431b75b5b4bc4
35781	7b1ca21d4849947f95b589000cfa9710d3eb3a7ab9c26cbf39e678e365901bbc
35782	3543f4e56294351c7669036ba701c4483007bb1831a56469bf3ae50d9f783d01
35783	8e73f26e80d55d549dee6eb605e8b98df5ce51f7ea119e61eb9c8c1a8b831d05
35784	95f98bdf409ca2e7c8eeefc2cea260c0c5753f2bb79f5958cc18ddb713af1d21
35785	461364b9fadef86705fcb13e514c833061985cd19a9dcaa4368dcf77e6254453
35786	e4a6060e393421a293ef774cc2f584d56d2c7f214825c1d54921dc539794ffcd
35787	ba36926777a35048c65553013e3700b33190fd2a391ca9033af19630a1ac230c
35788	8bd0c1a2ce77a38fb43172b13fe0514a5bf1aa5318a368b7443af99fee972d17
35789	c9433b62280977af8a2a76d0a147d579482fabc7c6c73029441df43dc95a48f5
35790	97d72fd5f7c7bbdd559c8fc70e24a376db7765425e296819f408dd3f47c60c8e
35791	f873df078a702493c464c7ba27b4919f5567c0c485ea22dc42d757cca19e56b0
35792	0d0f7afad16e8b46f613f334c6fdbb2178e93fab516b6e66b6b546bf0acbe7ff
35793	1684279cfb9959dbc134b2b62789ba48777fd60d6367160cce2162f96bd84fe5
35794	24ff6a3669ee1a961398d7081d5d422361a5830d225349b5538c28a50f6f4e6f
35795	3663952875cbbc18495a690371203a7ee95a71e11dd06d398dc6f745cca3bc3c
35796	1f8af8b864264c53a878ee9ca43a5b071c4261335fe379d4f3589ae74d300419
35797	b86fff220d831af769fd603c9868daa1b4e73350f04a0c4431a0da29dcb915c0
35798	f90558898e966e3cdf4bc6445892ea20beea0f49016ef2ee820e4984050ea185
35799	f14f1239eaa2e668ec946763c12a70a41a9ec7432cfd3d30e1a0da9e3b499608
35800	8c8d7d2c3a783917cebbe9c72e90715bac19bae36e4fddb6eb8a01ce463f41da
35801	1af217b7c7ee5a7d75c3c9a1ae35e76bddb5d268069e246963728685980cfb6b
35802	2cc4d4be479132da92c3bd159fef20f330dd87db462dad6d38a55d3a5c9dbf9b
35803	c3a18a76476550053de84794f2ff5ebd7292470e5300bf4b62f1bab1443d42f6
35804	73c77822e3a2b54393922713d31cd361e7bca2534f276aa2eb006552324c82d8
35805	b517f657fc4cef2054badcc93ff13faeb1403f55dd44b903d6d3c52827eeeb98
35806	0095d04f00ad3f09b7958fb99e4d5fbfa03339172b54ada5c8e9b92f2871484a
35807	e7b1d1e6a78c64dfa733a082482075609207ffb3a8aea28feb060da8f0f6d0b0
35808	55b4dd56dd619063cc46ac6329659d2b3d67e192fbb8b3d1bcc3c9ea06a673d1
35809	2e52a424f660af2cd89b1469af1527cda24b3a6f677cc73b3eb7fc3b81941f9a
35810	affdb6d4d430678b06035a615683341e700d9e907df1403ee354374fb0e7e49a
35811	8de2024cb157f930aadd176a0a201a86ef35e6b0a3ecf9649e1b7350c805b87c
35812	82b3eeb24e5a7f9642bbd48ed0e88cd39e101f8a7105161728374a7d3da563fc
35813	eb9cd7cc2676d6b287c57df4110d2251ce38528aeadb93265fb19b21df80cb6d
35814	37f8ef77159cbd9e2cff1b9066d77176c7af3398cd96c8e93edfcb0ae4562c3e
35815	3a55221f10a942016a0094126e06565b80c171b899e00b5ee1fa5365f4c93402
35816	e3b7983935153af98e399afc871ff14b7729e60b100796740c64d4fdaa063017
35817	793c5dabe8233b44f946f6611adcbd74df44f2dd9b1987b62078d834de6fa2cc
35818	d9563997ccab16239b347ee649279e3b1ad5328f9d6ec798ea5ea842443c7a41
35819	c5665033ec4f48177b49287184645f5e0fb19cf22977b56fb6216cc3e6147fbd
35820	8fcd1d834381a85fc415c2882b34a817b80e979c49053bd2b8f73f8ac335ec7f
35821	01df6ce4fda1a27f37bbad2407b2e785a026a02ce9034bcc980eaba399e112c6
35822	693187d7fb2a8434886ce1c2645968d0b22379879e7a73efd899e9bc5f587ce0
35823	5bce7565a026730df3fbf7d76cc6461672af02e3a76553636662317c085040fb
35824	32f61f64b4770676b6c766c4f22e4255cfd389eaf253297e0fe3cddf7f607193
35825	aa670c27b07021828c78df987d02a9a1fedc7732a7526eea6b6667cb8243e1d1
35826	70d175da76fcce2b13ce7101d59cec9ac5a6c83eb7ce6cb2e4343681daa68e85
35827	da41d3e9185fa8a39c3365d9e29adbe841190fdac2140a7495c6bf9a0061a120
35828	d2946e28055f399534234f1be8b0bce6c54109f123480a3d3b5b73fb0fafb17a
35829	b9b27a908be5b04daed5a9d4a0850f59022a521a7b62640eeab3f51b8503c135
35830	a06470e214e8b5948d5e306cd07594c9e1fbe62d73e5aa78ce11b5c79161825a
35831	2fec58fcbd57bf13b03a6ca8a28b8f94f38942c67d810be40034103338b3563f
35832	71f315c8df55937ba56fff7894f5876a7f46d10e97a6ef0243ade6777189d6e9
35833	fd48f4d7697473d1e01d03738bc83e60cd772e3c22f74bc1d1cb7c459570f34f
35834	fb0fd2c71467616ce85001ead49b256d5a1a84d9d2c099c29d2c8c709efcfbfe
35835	7f110174b5ea7c98a73fed1f65e1bf4b5ff70292b4fb0d2e5f89006568653a3c
35836	ec788306717e4dfafcf03739467b7d82fd4880f5c14d2bf97454c45d5129bce6
35837	6134a568c3cc910a28be384774f93c463511c258f20a3b5446b6bb8600f30592
35838	439cc45a23c6d192ba131adc19477bdf22a6bd26b982f227e99f2fa415c61553
35839	ec413405378df6f2df09ed8c106c51ea4d9127dcfed20f7cf531783d585568fe
35840	b51510ac4bbaf1e05ee4dd5464320a2d2a4436977ad90877d49d282076419722
35841	24ee4e4c9cad4f87b859dae4e395679925517598d98b4a7aac01140c826dd963
35842	eb7bb8282e6a5d93aec4b58c4cf3b25631dc41c8dad9ae5a20b3f3da0f8972dc
35843	116afdec82a04572fc77b7b0a295bca32a8baa887851f5a06a61ab7fc8dfcc5f
35844	3fc7a2b7235e7b5a9227b74ae188c8ed1a9515243ce9fab7c554908c3aa2f71c
35845	3d2f838b74b0d00a34e168acf286f905ac671013ebaee5f8735b16e3745215ad
35846	3ba1646b38ed703c386f6ea5b295df22c33a77f09001185bcd2fdff027675193
35847	e3d0c300857e2d0a0948288881cbdf68baf79df5885f9fa8d56e36784cebafe3
35848	9719b446f5a615d395a9db06a09f4d70f757fc88d248064e6517a6e593f9ecf5
35849	30ec2d360bab125ac5f8e43eeb88f0fb487df3c845e631467a3951738e790cc8
35850	2024b3a409412178a7fdcfb15b5cafdd44de5c796143148a54f1fe26ad573f5b
35851	e93266497a5fd983594ab4e988dc2e3b789f95c1d5bacbcafd2b3d0a82fcc4bf
35852	2b12f37dff8ed44b278d9a6eb4a041847f28a0aa2b13dff7c68ae0f2f6e00cbd
35853	ae772f816cafa2c7a1f274ccda5eccdd259fa9584ed08d5959d98701629f3f29
35854	e888202c57e187e4c38fa124ee03ab675bd90221fd44c8f7bf6cf5dced0ab104
35855	64bdd008a179ebc5ee0ed04eb1ddfcc48d03e7a2b4de8daafbf7ff1dadf42aaf
35856	ba08deef0aa5b9d0f20aa96202438673e0a21fe75dc88087c5c82eaa115ae674
35857	29d1fc47741299ada7e440913c8ce2682d63e17564263232af27b50a47ec146e
35858	b811094b45633b2bcc0b1bb115735ec75aa2636a3f0537d69761cff043044028
35859	287941ffab264f9d9621d5381b13b6271389dccf62f485f3d7232154f8839956
35860	350a770c0ec9f353e1a5629895f374fdaa299876c3870c03feb60eb4a3769d94
35861	5799307de275fd54b0e3efd0400ed735945ec09d1961b3ebb8ed8baee225d920
35862	bee55890f7c166c4efbaddc95538f9249af19ba44ce4ca19437a0b97ba16930c
35863	a88de495534fbd74f6cf0cacd754425f791cf569657d88c25e3bc9fbf88498c3
35864	c469c75f6aa9b3c6cd9c2481306a0bb4d89ade948434d31f7a187d25bc1415dd
35865	1002aefcc00c7415dbdf3bbd05b39d6d1019593bc223222f5f24ff8858ed95a4
35866	c2e64981a8d142445690b493ee773a4dbb684f2d4452b3719e0e072f17ed71ef
35867	57ad02fa1f178a626df170859557604bb698e6d3d22031849575ec12deb27eee
35868	78c2e06ddeabb887f2cc1d7a430867530fa1b8c6ca7d01889d1c70617c20cf27
35869	7c1e6e4c6f3db7135877b81d4f47e526f6bc097a4ac9d6fa8cf451559d9c2d6a
35870	4264cb0b36f448cf571b1fa10f95edad6417c23105d600f7e31f1bbafb0bc9e3
35871	bafe30baf04180d58eb1a4844e9fb45e2636c63dd8af60a5263a31feb7b5aadd
35872	27c2d7f231c9f05a3135c2ac10cd308d83c2fe3a1772947b55f684249f835c2f
35873	82f19c9619b2178ccefb0de481cc7fe43409406e82c6316ba8b29e07bcddd070
35874	dc862048799b54ecfae6bb5deee79bcda0d59b1a0faa81323cc3294e2cd1b44e
35875	85b3e3d8e90944a5944eb97c06633bb36108bdf243baa36d7db69f55559c9339
35876	5645d680232f79262f7df0c7ecf94aeb7cb59b3d7d3d4504231723a36383fd4a
35877	511e282c327e4d70e911423f4870a6fc3799e925f3df2d1a4341852c12d65144
35878	8676dee4060d819e29fa5406347daffdda36e7545bba2528e4a844836c891a1a
35879	9daee6315882c60fb8a6ed9f3bcab28619fa0b46ce69d34b052fbb0b7b07194a
35880	e09e9b03057420c13b58e687fa88c1943b3ed37171126ab0b70bbe6f251629d5
35881	b49a45c19e6fb5256b3df8d690dbaffbbf1a9f9e17c33770b93d03a21188044a
35882	5f64cab7a5a5ab04e7b6f49c4efd378295903c3dd36c7cc113b6998760349d10
35883	150a18996283f819e5b3713fe9728522a204f7d1e715085b31c4b010a56f549d
35884	b0cfc539e460fe94c3fb78542eaa1bdc6cbb578b4900952d8a16c83f7ccfcdbc
35885	d259a50cef754f12f588bdb6877be0e6bf66510853b03f2304f2b5dc444861cb
35886	a75c433ab2ae1daf8b032d38bf64e02fb152076b487bfb2784d10e4cf1bba73a
35887	ce635c4eabff5e4f56dba8fb1e39ca235530aa2b6b18533eef1af3862016c577
35888	55d52611fd9735848ff7402b4faf517a8431685cb98b624fc56ab9a5784c14e8
35889	d498624f8b638cdbf65492eea7678912ba4d3219a60221c11415857922e7dcfe
35890	59c0230c42e5b9c6242df159acf45bd8fc129debcf49ab0c57a08d12d5c6840c
35891	56ee145add26364f39ac8ea1680d0686d683a71401eb66b41f8ac0e4880cdee6
35892	fae7c4665e22a5090aa189c5b64fe6a3ffafe10391693ef98b9354f57a6d7a13
35893	525eca1d5089dbdcbb6700d910c5e0bc23fbaa23ee026c0e224c2b45490e5f29
35894	a58eaf1cd0dbf95d2404a51d0220a39da5beaf15abf3f5bf8344828a9799d04c
35895	ac13ca88dca7ad93c962b505c0070fab58c17f1d41f456916197009593889a4b
35896	8a97bfc5ebaea4f355995f1e493b00af55ac787ab047944404ea4fb11ecf8ea9
35897	2895436048b03442dc4876d81f9e35300570b486f89f581e7f15db7655e1ac5d
35898	a44c47b1ee24665db1a36438203d8f9617a9889f9c34d3f2aa004ccbba672116
35899	9d026bf6e9ea16b7c419b495a5e7f1fef5142a7976aa824c97ec48e9123a58f7
35900	4b97c6780070de8d2e519987f76971a8760050354a473d718ace7c60e7a91fdc
35901	956f0b858e2daaf0a3ecf7b5986771395d1666a401c24bedb8ed95567346a329
35902	ec4cff160703d688a3c8a7baebff43a7f81421102707f1d8b4a4379e2f75aa6b
35903	183c9914725ef64d0e129f9fc6865d8a270a6ad1a5e40d91697e6e12c4b1d911
35904	2520e7c6d82be2dbc3ffb24a19d9c513f03935e9ff7306b6cb4b14e7fd7da4a5
35905	3c018a9e7a6773fcb71d711d08ed448c65197f7f6e2e3e1099b944fd663e88c2
35906	8950abfda7b727630760dd35bcf5c3daa7631aff223a90f7728c0d2521dde10c
35907	72d4be6d6b3ad66c340a66df0ba921c7897c8b95c9a067d1b6e93b2377872844
35908	767268bcb9a491c96b83bc9fdf99c300b56e9bfd4b36b7e7121df79772d08547
35909	decc500210a2a20f6bcba4c3e05c1ab757208294cb1316cbe6c68de04191c577
35910	0970a2da50be03aad6787b8b0d4baf21ce3af18880fc80715f2573b8efb0bda9
35911	72b33a1cb0bfc9cdd3db0102962414c7a0d85aad94eba64cd8c33265242f7f9f
35912	262a44f6561d04cf7eb0cf5c95f90e21f0f3bc4cd209cecdd36cc0f2336a6103
35913	2b7347d7c1b27a724c289d26c171f684c3a34d4533cb1d400b88c4c5d7a81e49
35914	7084709cabfb62f07605b41f80413b63e0e5c47242ebaa0c56b748ae890bd121
35915	9209b2cd34703f6e821784b04d6f079158bbef93a5748a78ae501d6bdf14c3a8
35916	affd22262cbcd88c59109215de1351295a15b2f39b8d88afecd08de67c241279
35917	fc5f6c72b8cd506792abe32597f853da04c87fc36f607bbe2e6cb3ec9ee3ad92
35918	3fe1c4f76212061d9f4f82289d140ec3c6e71155f5bafad0544b6bb446e7bd3d
35919	d3790cfd624b3d729d9a98d7c113ff06d8f6bc9473e7c9c67fb13eb3b75b5fdb
35920	2285d1f8f15f089f8d93e33c632937c1a21715ac13e2f276df5e324bde900a98
35921	fbffc9bdd9af98aec036d73b98184c39f5a6c4735054d38bb531c060597ff7c4
35922	342647926224b1a67c732ca54e0be022bed4190bc152dbad444e64b3f798d465
35923	bcc65ed610ac1f7a96ebae9d78cde6d2ea693a859cae99f63455c5d1227d2991
35924	5d9fb2f3136a26a93a5543aaef4e5392c3d236868905d8b531a854a4b7a7aba6
35925	288e3f1799b21674ba23525185958f9a67b61f61e7b8b355f8420edbb438e281
35926	17115e117bc251f5edc2f41f0dd4b21e804a5e6d44a08910fc74bb63e5fb7a30
35927	2323d95e8ba498e452867dff42a9aa29d74d0c0240c23c4bdc848cbfa43b3720
35928	5c7dfb2bb250c83dee7413b288a94274c3c6e4dcd210f3437657109ce15af79a
35929	338e598167212576cf7240335c9ae993c871f797b68817c4547c98e387998a3b
35930	a4200b22a9c566c219f50c41a5cc9f2c3900efbaff8668907721507b76fe4fc0
35931	5e6e6c0fa14705c1a984c7432b047f499339e3e0640e179d2c5b1ef0f0007d4c
35932	6cf1af2e0ddea1729c9302618fac0066e382a4fff0e3351394f56b8e1b47a0b3
35933	8844909f84f5509e9227af87ac22dcb5111ebba3d1e530c97d0a3823ad755bf8
35934	affaf4e7b43d715b1877081e170db48c35d0f10cf46ddb6c0a2c676184c58649
35935	aad3e2b89b7762447b1bc540fb5115b502d7a10faeccae08907a4d9789c4491e
35936	21156f797306efe645f5ed50eae603fcbc44049c37fff282520c090f9a59dfd5
35937	ed0ee741193e3e4ca76a43004a0ee7a5c04877afe5d6a3e9f2c4f3888ee043c0
35938	7558ee394333bd4d9903ca4f3f18be8b21149743057654e0b75d8f35c7d3f0e7
35939	973fc7a1dcef8a285677a641763fe136c9a715e950212e83fa5656dbc8f0b1a6
35940	847f30bc8d129af481676a1a9558243dca6b520714302967df73261886b2efce
35941	bd7e767cab3f02766c22bac5c32af7ddcbf5c6a7c6ec7082c8d095b9ac545311
35942	3e8c02c487b7e2312f3b5d0586f066b3272b48cb61874f3d97b2000d9cc3a844
35943	5322a153e60a9870db9b7b33e460732d41bbce74d19b23a074a3d137e398256c
35944	e81891088aa6de546889c91455926a218816a11aebc2c60033cfe7829facc2a9
35945	f9a18daa6ee3f874d9ae3237d313e8b682bdce806abd3c8dba9407e22451dc9e
35946	dc19478c78576ccad5c0550ac7e037f5c5028dbf56e7a9adaf50d3e3679c269b
35947	46c962f44dfc9d5b691dd72d25e4ffa4021f5b0893f16eb2d34aa3da58536f41
35948	eb86b66b5fb60c696cade2147e3a3acb52ba3dcfb18b448e9f98733a5bb252ff
35949	0eb4b03f50754bf9603e2f6455f56176cbdd5d2e5977f7ae4093bbc3f2507f83
35950	a5032a53054a71db73a089b45f7a42f75c1e4d7f9392992ba5ed4720a09d5c5f
35951	756f4a65fd54a63183077370c10ecf9562f4c79d8b6fb9a4ab12696fcd19917d
35952	d814de64bcbdd20ac917df823164ee3882c655956056cc90edc7614b124435ce
35953	a83ff2152515ee6829773a7137237dc2a50c2c2dd4fc74385c578e935801f86a
35954	929fbab0fbb7f68c8dead482f02d96b9351dc0b85b593d7046fa48582582f92b
35955	2f321a906213f3aad86ec599c3be6ba541af20f2a74ef8a17c8e78849aac4f94
35956	4d045c179815a35d2512e28be7701d3baa98183ec2eb3c8dd2de9d2fb0c6b264
35957	8eb0aa7cbb69482a3ca885dc5b4cccfc8b871b96889d3135fcc6c94c3183e151
35958	0788ee15dfec5bd43033cc80e945a35f2590b3678c1e008da152de9adba7d821
35959	54542a195a46811f9b32f1227cbe66494149401f635fad7aa37b46f6e64933d3
35960	f0846b76b0fb6733ca54ab922e025b3b2db7f8fe10e3d44863759ec67c957891
35961	d24fc9b533817b140d2204870ec5ccfd496e863f44105de0ffcdb6064510a5dd
35962	afb6cb568895d335af31721ffaea514c8d7efe94b2d8fdb5352db4281c51f3d0
35963	b3752b97e4fe9107ec9224e1fc581070e24345cbedf6a461254ed8302cd2ee9b
35964	fad196416e64f22db427adb5172ac4ccdb8e37701250f2857fe7e9095ddcb3cc
35965	2fd947f98d5d3a817c9fe0bd7ad5e9b4f9665514a5736804628b02b3c7a3004a
35966	686caed503402fda3a310a97d2ba8ed9ea8f5b38ff9de625b03ebd1f703da23b
35967	b9b21e812840de0892467f9f086da004da09eeed32aef9e9256226d2970c4933
35968	0b976e1d9631114f574ce0c1b090aaa294e6d50c9a9d1486d8fe2bbb21b54976
35969	d01f9396158d094d38b714a4bb6ed5213a00844e09ec4d4b2903c17fcddcc058
35970	a27e03b95a78ada11de54b757ac6a8f27805d69d17dd010692fbf4281e60ce76
35971	e0f80ecc062703593250905e350b67c74257c0656433118706baf18e8a192697
35972	e4ccf1b26ae3023a75d52b686a67b428efc5177b250e99c71565d1274de2d30c
35973	95df0a402494c3e6a87f9d493313dce69b1071f2a0219512fdc3fed39db64c9e
35974	0516c8781a9308e043c882c09992ffc2ca0f5b03c9f0a961d7a55078646bc7bf
35975	f814a293d62a5fd52eef58f95223a31cc96597f5c369eeb67c855b9a6e2400d7
35976	ffde46d7078d57f4ff4c809ac8c396a0209d1d859001567c715cfb66d011385d
35977	58c9658673e3c635af4f478ef5dedea18c2ce2835cc964564151e49a1e978e39
35978	470c98ee04c36e996192ec1152fec74012a24a91d2aea869797b763755ea6425
35979	c9fe2bcda0d95978029fa757d808ed0760e2f0067d646b97611434b871a368ec
35980	2bf67518f767827a1df5052cdadd5aa8504d6871a27f329be15b935a2b12814c
35981	06428d495008731371de524dcfdc23d669087d008c4064c42183bbf1d795e670
35982	6f2acfa3315d8e914f72ceaff4fcef605e759235eb8b1d68454387d7f3d987cd
35983	f363eb37fb3a259089c90c83e374dbe28135091239079526f84cbd4eda1956a2
35984	74f79b64f843759d63f7abe84d03479359090b5f33ced2514e5281fb32f690f1
35985	43d955a2a11f8d4fd9f0f5780815964ffd961c321aaeb07d7870a1cb45951684
35986	2e498d9f7a50f0c8bff591fb114be3811b2b4023d7c731b9706548938b65567e
35987	55ccc3ad85bacfa131892f02a9bf6fd9e9f6cde4097298465f2cf79b59b22327
35988	2b2d04e6b13e9ab73660aab262f5b899852f0b9b8fa7ab7227ec22bcc4c96c31
35989	c779477b49c95633c4a6c1ebd1d3c59a50e5ee82952a82a1dad5210ac53b707d
35990	bb71a1213057ca388778ff3b9b37d2fd566f666fd3555dc19bb25d7dbaf41026
35991	826fd29621f62ebf3bb0ed4451efef358d435e88fb97f6d84300540c6a66873f
35992	19c724fb4a48ca9f510b253260122d3860e85ada114e5ebd2c2638cb3f83dbff
35993	f8645d14fd5092945ace11bbefb7321672dd4c4af8b3fae1e7d033cc5d45fc8c
35994	07cbb896bf8bb6468b287bdde3593f0077eccefa64dcdece835a611df83a8d10
35995	6e759759a08a482fc6247614b84e3af831e58389aa1fc7f2b816e880b5d7b512
35996	f57155aab14eee1a86ab04f85c5a6ed96c11d119614b552374a006fc69933465
35997	49bb6efbf2c2f73677acf74831746138c108689d6716078e08016cdbb4df0fd4
35998	428e2824bc6ca62a769285ca57b1b2576798cb8525b8414f48a99eaa5ec54c16
35999	ffee35ed9da3ff814a1e8bae9b957acbed5da9462d8f6720a0023a5773563f95
36000	9b5eddef1756e5c64889fcc7d696615f35e39731127766ec3e58baafa487d7d3
36001	598ae12e423bbf76b3977f70d992e3338c5a425cf72cbba53782d691dea3eb0f
36002	541d45276f10b33399b52aeb94da4d9a1365302abd1eaf433ec132f00dfc13d1
36003	d3ba8e4f3fa95a5c1dc021fe1a929963eb8764cfb3d59302389f8b3f316ce44d
36004	34b423214853643283e4032f7d84bbd5f54f61c6a4773b2e61bfa520617234c0
36005	1aa2cdc98541f2b9bf4f59d64e965639bacf555b6ecc6e6113843918fe41735c
36006	0c89da1de6d367b5d1ccd573cc9299902a80752d6f7f6769635483c8073f1e33
36007	00190a6049a67761d8c92642b43ae2cd3ab3785f84d5d4770d0d072699bf14ef
36008	a5f14c1e2efb3b6a2a0bff7609de75454ca79663f083d303dbf1b126ebd42ea2
36009	ca8a789d22214a6cbdc130923330efa2f015f14aeab17c02fb308ef38682f565
36010	191183cd95a7a4c7c18a0f008385cd2ffc68526637a5ea85b31b2cd82a7a5bb0
36011	192aa6982b55f9293daec94f228fca83924beb45903a9bf89a2a0d9de14f1ffc
36012	8e03ab40342ed277037985abdfb2342286d93dd55c8ec4f61aa36cb2f0f00832
36013	ebe2ef5dd7f3411057835cab3a563172ba08b7cd48963ca925ff4e72b1a1ef03
36014	6e175617917348eeb9d64e0a8512181b3c888872ba2782c24c12d639155cdc0b
36015	e649d50880a5de19e9140ac16e0e7dbee95e4c6ffeed5e97aa540c11d48e1eae
36016	0bbdbb5c7ea8ab581fd51d3b40c60f95464f668d85f5a81e5a23c17c170a9722
36017	d0b74c2921d3b4e32d921ee98891cd6b4493ce8820826c6b9e7dcaabcff3e3a2
36018	397077d365e0fdd10e42ba9fb3de81a6ea5f34cc0903727c37ebfcd8bb6e272d
36019	5fd56c0b62dd9909c92948bd59edc5fa20cfea5b874a945a36383d653232c974
36020	d7e0eedd9437a5c6a4f827d6c8962a7ff8656e9c8961906df83bba958b75a984
36021	8c7279e953f045569ddfdf7a306e61e018374f70e43a0b64f175541f2a736355
36022	8c41a4ba39782f62707ea4af2717f548a20ea610115e2fed7c989b32452adcfe
36023	4f36986181cfc374f09b006be8a616219860e3ad3f1e7334b3ce61388ae890c9
36024	93195f7c589821139dab0fcf609009643cf87b0aa6d1d20ad91fb2ba28b99848
36025	065a7a182c1b57941a09e11e75307230bcaa938ec95528a55ca306f708de9ba3
36026	fddad8c2c41b82a2793e4575dbc539cef656d931f79663a3a5551d4813ac699a
36027	edec7a3f9df05221f1d21d1d6a58f608b96c15690d1171316d7e8a74031107b1
36028	96e169246ef2a1feed4ee9604911d279939b327bbe35caa45d02797baac74a95
36029	56d6fde0b876110560663573786232438efb339ab4c0d2b21afc1ecce82e5ac0
36030	884adac7b73f363d0486fb038725887a7a02905cade91ea01ca83ab71ffe6ae7
36031	3324f5111adbd6af6c26f9efaa24f62cdd0768f7b4bd8924f818363185462cdc
36032	de7600c8fb64dfde020d0fb084051d00c3b63d903676c13da7ac08ee9d8ae9ec
36033	489a80481ec18e17bde0068ada747b65fff6f449c559b9aa3048708f49f5585e
36034	e34d4587af11b36f8db1c7a0d041c9c5f49e824cd5cd75dc0705472c65c98d74
36035	260ac0b661899e8eb0cbacc4a089227cba0abb5ad63d128340210254c37c1b6a
36036	445aea28f3c8c91f8d562949de19d37e3404243b634d747134acfdfcde677c5f
36037	1adce6e7d2f1e9643d4bd937f912175904ada873006b1c7cc9325fd73adf78a5
36038	c833f152e2fa038502b8ff7cb18686f9b4b9c5e1d8089fcd7f26242313638d8f
36039	6231addf21eaccc9a13e36cced5cd126b64e334493364f799829adc6e1c08809
36040	6157699b13257ee50bf0d353a3187e410aa74471a313f0e31750267e6ffe407a
36041	b6b704ad7636f7065ee5bb4a75f60a63bd167d5024f81dda67b705e9d46eea83
36042	0d109cfc27e7d0845f35d6bb9d3a05ab357a3cc48b016d5a148c1cb7c3df8017
36043	8ec1e2c5ca4c622fb126fc1d83fd2e6ca99b5a99118d0e69f8d4df67f25c1f8d
36044	a16974a07e0d7488706dd93395348f12b1c292b060c861ced4df0bb73cae5591
36045	807c46ab614d45efff34fd22a2fb26756ff85f1f5259155b6dae9cf377ca7636
36046	5f18b97c52380878722c0d318230c7a23b865d87f7f989ec3c67908242ade9fe
36047	48cf5884d0ad2c0817d745d53d008fc2aea56b00b5f02e60ca87a6bec539bac0
36048	4179f7cde02d02cf8c7614689f62821685a49d279865f4d44383a5b567553378
36049	67c6a22eec1aced9a047cff9ffeee6e0277dcaf8630ddc3ac56857e11f221fdc
36050	12d335aa525f6f5f557328a8289f8c7990e5ee04f7cfa781401659cf44e8d2a8
36051	d36805672f42e9d226726245257190993ad9c7019df21b18c78daa4507f35ac9
36052	cc19d60afb97b76f488de71ae8f4ba7a10bbf07365448f4dc941e948dd74e40e
36053	485fff27c01a0c9bc755548a44faa1973207e10649116e0db86569c6e4b32197
36054	0d5f265bf8497f832d5ef5adddaf9e5a158c0b6c4b17fb9ad0c1c0e18225f97d
36055	8037b99bdbd63fbbba4c70f52344886aabf2e586a4fd7e98fafe4255f192416e
36056	cd7c5156c5820f0a6bab1584410a4012a4d080af779707f9f5c7941bc8c4722b
36057	10520ad6828977f8eb85d31207282de5bb74548ac09d4281faf19b588fc8c2ea
36058	9d14f7b518097d39b58e9987e8e778b2c9e78469926a81ced5e5f917a2713c50
36059	1087252e6128742e62e8dcba5a075b468eaf44642ce9fe49e372d4479738a6f8
36060	0939ed2555fe147d56b0ac0bcc10e0687e2432d060f8978c7b90a9b66a648456
36061	b48cdeeba89488eaaac6ffa372ccf3a836374838887ed96a05e7dec646f6bc1b
36062	3cda4b361fc35e6d89c527de7ee33e0b54c328d0d4cd7e92db553190a1044241
36063	73c6a430c648b4b06942558f877f2c75c26c6099110ae2917570d3d8002bc39f
36064	de9b6cce6994cfb0cde1c71d0c16cdb67ce42136f36da5a1f4130b7bab9ac280
36065	60096aa96c0a6829f3c50331e59f3e2d945db7c0d02810ab4932fd3ffd7fa6ea
36066	f6361193d6a291c54b9714eb1c64dc4520891f05bf16b050edd5309ffcd73767
36067	96c409dd04690393966b1c26a8163df8b2a4216b6e1ec33d967d388107cb8049
36068	b556c938443ef95aaa42b98cbbd99a21b78cb4dd1d74ed9d94a1c70e58b89bda
36069	a5a86efab18670350e6522019535a8ad4cb306cdb40c8d6267fd6ba4083f16a1
36070	c10d5dc80da48fe9648d717e76ab6a70646b747c088a2009868980fc0c275833
36071	74a7832600a384c53a7e12129e4137d3bbbe9d9b19daca86be3f436010f53362
36072	4e2790212a02b6f25d384cacd090f44176994660e58d8f15f3aa90091da8d9c5
36073	57bf58fb4f9e10e23568d3f55353d86fb52a214c129adf51af33d261aaea37c2
36074	eb990762a34e8a916e4203cab22efc04646cfda239bdc7070ced0ceef51383b7
36075	e367a86f44a97ddfef79f65f13c561d6ce62bccee451bd80cd2329ab2898a652
36076	57ce06f0499a7a57d28b61966da752eeb1e9fa7c538bfa16f100be8793cf5ad2
36077	2db30663a85fb73145df25638717a454e37aaab276be05c6751c346bfe13efe0
36078	5d3f71bf755f99c70f346c34e1ca6cefe6d3c7ad57ff4c91b9a9f430d929390a
36079	825341a9e7a2dd9ca690408510d533bde4dd99e6e1f8aa3fb320b2df10246d8c
36080	bbefc7932f4fe3a699a7eeadcdef5df50bfecfd37a1de1e324c08e96977b565a
36081	02f2bddc226fb41f5ba444cff57fd2eb0d44f10c63c40795a37db55471eb8649
36082	bd1f2c8a673a71456cbc873f95870bb91d6f5eafe27819a68da7559803468b8e
36083	3f94c5e30cf419ed551ecd0f89effa0fe239f60de1194d220ed154a506f8d638
36084	ec16ea86e6fd40fa119c284294a5320fab60ee2e4b390dc0416afd3ff73ed81e
36085	21da2871c4583ef2c0fcded8fbfbfa76080fbda5e0c25d8067f190ec59eb501b
36086	1ece67630070a3d71005a122048aa94bca692f96a9813ef99619ce69c2997d87
36087	9f4f11cd3096b29a8846e7f4665484bf77a16f8ce1fe8ff9a8983d206a43d8b8
36088	d581d9797491d3974073f70e274694009b48b1aea0b0fdcf748d1ade3d5cc2d5
36089	70f2e7855901182a603fbd25da7b195249aa331670de874ac8b466f67fea73bc
36090	1e45e19e2cdfb965d72bfdd64ab569a03e4d311fc1b12cfe255cee6055cee458
36091	118e29c4a04c7464496097aad608c8c8fe1c21cbb5f06f005200f0c31f832074
36092	d021dbea1951a855e7b5863f1470185ba635cd4f047a919d82ef1710a364e849
36093	83ad88bc5365794be1ace52c779224d6f1d949c8aa8ce53d98899580a329e195
36094	bebe7c1c6cfdaec3416634c685df6c4998c136f9af48c8c50a52b041adce8b5c
36095	85b7e7868a9caa656f5b4eb404457bf90ae586ef65c2f87d846cae5029791185
36096	7fcd4f4abf8c52424b676ab6211f6e5f4f2e166b3bd3fc4870463d97530ed32d
36097	4548e4e36013265b0f97cc9bf8334bd1f0ac6af6d2c1bb146f31b979021f64a9
36098	2c3024a16a78b3315de856b3e52f3d11c0081530c9916ecfee3959e80c8f0195
36099	c1489540337465ca1c5cc98e2165b60809849600f0f6234755645d62cd9150a7
36100	fb03165f7ac38811e5f482ab6175e53fa361f72f1d9a35b5f2c9f3b7c5484070
36101	dd314f0a9ae7b067a079c1d3360c58f04232d2dde9bba2071d967ff37ed19842
36102	66341837d3d9f65a4c4b66a2ea9f116180c24895961623a9f88ea8c6c87dfcce
36103	c3c63a8407adb988a4d54a2e69ff057d327b1b09a6e1a89265844959723bfaa8
36104	8d931b8335acc8778b650ed69022134aa6afdaf77746596a8ab89f8df0518340
36105	608403dde08c7e8c6f82e9465a5d8f30c4f34f3d06e7714f0b148bf04ae5f60b
36106	a3b330b87274d4f1a23940984f9d1a1acfac421d3d76b7c593178105bad5000a
36107	4c223a7ad416b4215a31cf4195a559d418e1ad011c3ce13dc6758379a53ec106
36108	da2fceb3643b303ebe997250b729dce32f1d477269ebbd9f56acf7bccdd33230
36109	d357732f7145619e11163499092ee389d52d6d3f792e904aeca8ce77f5c307c0
36110	ab626203d70fedab8a8d1981abb934ae1214d3c6b5ed16a9293a153c426b2af8
36111	001005703df2011d42c05ca57dd2c004cac9ae1daa0a64079b7a665585a880e3
36112	a255d1b8513f7968ec814b4604e5841ba82d43f1294a2249ebc25e321916abc5
36113	11a6cb6aff3d05b9d25cb20998217888d0ff88da16e92118088a6bf2604f64c4
36114	e68099c018e19244d5ae7fc0190fb1ecde837ac296dec9a43fd2552adb30ff4b
36115	53d3e8a988fc2ee16322f00aa437b927f6ee34d697c244b7ee5a5a92f4537131
36116	181c6eb7fbb67437913a7401a19c97f4f9d39e169a41c5025ad9f8e5f838c151
36117	25d3cef0070b753c1728d99964c65fede77b0bfb8196c1112a4d9c114dcd6d1d
36118	c852581376afaf1bf0707102b14c011541b63ebf7e6aa467fda4b03532e5c581
36119	2a8f965466ec335335d3562e7ebc7d5db0f4906aa49fda3d04bb5ff0098860c5
36120	e5e1b6476c2dde0812c33b73bd2b09d42b3a435357233c42c31028fda72d600e
36121	d8b01b2435a39d18015cabdf20afba9ca275412f2eb117f80fb7989c4101c029
36122	96e7268d8824b7ba0d4ac7b5a08a86a22e4ee453b0628f9ad8ffc47dc532cd0f
36123	267891a8bfd44ee6d3a5885040139ab926d06c65e2098623a60105481498e3a0
36124	6820f92cb6448f4588759971b5b966de0c6bd87a7d621885395ea33d7dc34ddd
36125	455e8df0b4feee418221bf6f0c91e5b5177b47af098c4dbc21dfa2442fb96496
36126	2a258bc0a06839d36a60c3a1bebcfe0624179f1a732e7a21b361a14c1cfb84d9
36127	521e9e301fea7bf385761e42823deaeebeb1cb3d5bf15202d90365ef96a6a114
36128	95a38dcdb621050c4c601844d9c20cfb383f06ad6122daa760bb82e30f02a715
36129	f478e1a764cf0169c23ff0bfa8ab2c05f85ba26f144f64c68951bf92c12131e9
36130	e7016cfc3f2a6a88daa6c9b4f7ed5cf7517b6ab1df1c15727cff81d40f6d9713
36131	b6a7df8cb280af29003a54a2dae6d8346eebebdc8c6a94585a31b7a906020477
36132	54560d43f82648c9d1f7d01e0d2124805b3a72a1d4479d3c4e3a547484efc01b
36133	0b77963ca3f292440f80f7f7c2a318a5cbeb08167b36a28ff3c2a1e033c2aeed
36134	99f7855eb789dfecf9ea66df3221a743f4ab8be59ae6b9c503499c1940a90fd5
36135	b79287df4e78d99a5f200e40f6cccba8d5bd9b8e7fcb036c4108b4a692a7016a
36136	6c9143f8e0daa166f903de6715aeb0b79568ebc9f782e907096a4e986dd1c7f1
36137	9da3ba3c14e29f85ed5332b9eda94b5537a7e2dbe6eb614f3290bfd8029e2112
36138	90437748d4f10f2738ab04e1f6aa1e34eabe88a4fce0eb83280736e0e6a3c65c
36139	65c5976069cc20cc0c259888800ca05d7b2e966b96071921114b9c8de9ceba1b
36140	f9f91300e02669e3b13f38f07ee2d4a422fc04695301bddb6334f41d3329ea0b
36141	05f7255f771bdf28ed64ee9ddbce6699e739171cab5dc7309b0c6dcc3bdaa4ac
36142	a914b3706fc03a58f5f1b7161b240245b6a88529c32bee532c04f3433679a3c8
36143	224d504b400b979ba1836fd4c70c239a8a5458c4fae982c0047c2d32f96a3e46
36144	7f5bcffa0de82e95ca6db79fb869cc667e3df2699d6d4eff804017b7f54c376c
